Total Fwd Packet,Flow Bytes/s,Fwd IAT Std,Flow IAT Mean,Flow Duration,Bwd IAT Min,Bwd Init Win Bytes,Flow IAT Min,Subflow Fwd Packets,Subflow Bwd Bytes,Label
1.4454666423137361,0.05729834175564831,-0.07016387540373463,-0.588953011278739,-0.5203962655657902,-0.6258779104092228,-0.8147400426846423,-0.7384612712965253,-0.6328365321756877,-0.06421042520716432,1
0.8165947914369808,-0.3411440152754091,-0.07048179136690029,-0.5887835165691369,-0.520019922783309,-0.6258779104092228,-0.8147400426846423,-0.7384612712965253,-0.6328365321756877,-0.06421042520716432,0
1.4454666423137361,-0.033866988511307226,-0.06996780126086818,-0.5888652037093952,-0.5200351624704513,2.708039032049072,-0.8147400426846423,-0.7240077336998026,-0.6328365321756877,-0.06421042520716432,1
0.8165947914369808,-0.20124868532029752,-0.07030698816478902,-0.5890174816591266,-0.5208858728027108,1.3537090072995597,-0.8147400426846423,-0.721117026180458,-0.6328365321756877,-0.06421042520716432,0
0.8165947914369808,-0.38317105041614513,-0.06817882426940206,-0.5886682612831956,-0.5195933406932144,0.0819600816201392,-0.8147400426846423,-0.5303303299037192,-0.6328365321756877,-0.06421042520716432,0
1.4454666423137361,-0.3500102646129046,-0.06870157660051544,-0.5881700918568,-0.5171765587822424,0.03477088215151506,-0.8147400426846423,-0.1988625343522134,-0.6328365321756877,-0.06421042520716432,1
0.8165947914369808,-0.23222058952609254,-0.07037052110249034,-0.5889786445009073,-0.5207421289739869,1.2970819679372108,-0.8147400426846423,-0.7105177652761948,-0.6328365321756877,-0.06421042520716432,0
0.8165947914369808,-0.25139304479843805,-0.06839460939850463,-0.5889517062384256,-0.5206424252581064,0.5196399066916281,-0.8147400426846423,-0.721117026180458,-0.6328365321756877,-0.06421042520716432,0
0.8165947914369808,-0.31616116708616504,-0.06981378771106819,-0.5888389633292895,-0.5202251419601664,-0.6270576403959385,-0.8147400426846423,-0.7394248404696401,-0.6328365321756877,-0.06421042520716432,0
1.4454666423137361,-0.23815869023572736,-0.06657055838254411,-0.5885330360910298,-0.5186691440729548,3.289645915499865,-0.8147400426846423,-0.7066634885837354,-0.6328365321756877,-0.06421042520716432,1
0.8165947914369808,-0.046761692484389716,-0.06945084430219733,-0.589140308969571,-0.5213404804191604,0.6187372255757387,-0.8147400426846423,-0.18633613510172045,-0.6328365321756877,-0.06421042520716432,0
0.8165947914369808,-0.3398442293717931,-0.0695588718376274,-0.5887619520014536,-0.5199401081506482,0.9290062120819425,-0.8147400426846423,-0.7114813344493096,-0.6328365321756877,-0.06421042520716432,0
0.8165947914369808,-0.28646693686673547,-0.069727122711506,-0.588874206393052,-0.5203555833501137,1.7890293723976172,-0.8147400426846423,-0.7143720419686542,-0.6328365321756877,-0.06421042520716432,0
0.8165947914369808,-0.022333517352004024,-0.07078600808474468,-0.5891563253717046,-0.5213997602191462,0.296670939202379,-0.8147400426846423,-0.7162991803148838,-0.6328365321756877,-0.06421042520716432,0
1.4454666423137361,-0.02852117710209281,-0.06983066655989884,-0.5888615607630275,-0.520020181083091,2.4484984349716394,-0.8147400426846423,-0.7056999194106206,-0.6328365321756877,-0.06421042520716432,1
0.8165947914369808,0.21171155140192413,-0.07078165564530527,-0.589276919458357,-0.5218461022425696,0.24712227976032367,-0.8147400426846423,-0.7249713028729174,-0.6328365321756877,-0.06421042520716432,0
0.8165947914369808,-0.17159486188080594,-0.07060870055436891,-0.589055551146481,-0.521026775333832,1.0351819108863467,-0.8147400426846423,-0.7143720419686542,-0.6328365321756877,-0.06421042520716432,0
0.8165947914369808,-0.2492823969773713,-0.06972962837093098,-0.5889612323340215,-0.5206776831783595,1.0623157005808055,-0.8147400426846423,-0.7066634885837354,-0.6328365321756877,-0.06421042520716432,0
0.8165947914369808,-0.2695336935726642,-0.06993862378410469,-0.5889305952945066,-0.5205642895740291,1.385561716940881,-0.8147400426846423,-0.6941370893332425,-0.6328365321756877,-0.06421042520716432,0
0.8165947914369808,-0.06772657301021047,-0.07069500336892792,-0.589143484334665,-0.5213522330592447,0.9266467521085112,-0.8147400426846423,-0.7028092118912761,-0.6328365321756877,-0.06421042520716432,0
0.8165947914369808,-0.38968944541897216,-0.0686923131006116,-0.5886569555875719,-0.5195514961285184,-0.6246981804225072,-0.8147400426846423,-0.7374977021234104,-0.6328365321756877,-0.06421042520716432,0
0.8165947914369808,-0.31589875648105004,-0.06997162885204529,-0.5888471634483081,-0.5202554921845601,1.5106130955327348,-0.8147400426846423,-0.7124449036224245,-0.6328365321756877,-0.06421042520716432,0
0.8165947914369808,-0.3548938385757967,-0.07025605966738904,-0.5887578344950577,-0.5199248684635058,0.48778719705030676,-0.8147400426846423,-0.7124449036224245,-0.6328365321756877,-0.06421042520716432,0
0.8165947914369808,-0.16899119588727293,-0.07070053534021938,-0.5890582030999499,-0.5210365907255508,0.8794575526398871,-0.8147400426846423,-0.715335611141769,-0.6328365321756877,-0.06421042520716432,0
0.8165947914369808,-0.30762190348347507,-0.069504206831006,-0.5888636334738919,-0.5203164509331295,1.0340021808996311,-0.8147400426846423,-0.4455362426696131,-0.6328365321756877,-0.06421042520716432,0
0.8165947914369808,-0.27486074021861423,-0.07005282580369908,-0.5889220113405268,-0.5205325187008341,2.0320537496610314,-0.8147400426846423,-0.715335611141769,-0.6328365321756877,-0.06421042520716432,0
0.8165947914369808,-0.4225802655451251,-0.06968230252215894,-0.5885242532403434,-0.5190603390929054,0.8877156625468963,-0.8147400426846423,0.49779797780981777,-0.6328365321756877,-0.06421042520716432,0
0.8165947914369808,-0.2500831811174528,-0.06960373028485421,-0.588953625415431,-0.5206495285021134,1.3891009069010278,-0.8147400426846423,-0.7134084727955393,-0.6328365321756877,-0.06421042520716432,0
0.8165947914369808,-0.16159727210326466,-0.070939722401285,-0.5890602618529909,-0.521044210569122,-0.6258779104092228,-0.8147400426846423,-0.7384612712965253,-0.6328365321756877,-0.06421042520716432,0
0.8165947914369808,-0.014061539032621443,-0.070414658906164,-0.5891738422211666,-0.5214645934644467,0.05246683195224911,-0.8147400426846423,-0.721117026180458,-0.6328365321756877,-0.06421042520716432,0
0.8165947914369808,-0.2514642554213439,-0.07028299010095349,-0.5889516015561633,-0.5206420378084333,2.1335105285185736,-0.8147400426846423,-0.7114813344493096,-0.6328365321756877,-0.06421042520716432,0
0.8165947914369808,-0.2237184521597681,-0.07025930799320182,-0.5889898455142688,-0.5207835860890097,0.07488170169984558,-0.8147400426846423,-0.6979913660257019,-0.6328365321756877,-0.06421042520716432,0
0.8165947914369808,-0.25422258917432766,-0.07026226305442454,-0.5889475189438548,-0.520626927271182,2.420184915290465,-0.8147400426846423,-0.7105177652761948,-0.6328365321756877,-0.06421042520716432,0
0.8165947914369808,-0.2273873792106435,-0.06979908560167648,-0.5889850650195841,-0.5207658925539376,-0.6258779104092228,-0.8147400426846423,-0.7384612712965253,-0.6328365321756877,-0.06421042520716432,0
0.8165947914369808,-0.31544884053332256,-0.07002982857214306,-0.5888404288825306,-0.5202305662555899,2.7210160619029438,-0.8147400426846423,-0.7162991803148838,-0.6328365321756877,-0.06421042520716432,0
0.8165947914369808,-0.1753217365181825,-0.07046788395117932,-0.5890462344157235,-0.5209922923129251,1.1555143695313383,-0.8147400426846423,-0.7201534570073432,-0.6328365321756877,-0.06421042520716432,0
0.8165947914369808,-0.2656760062714021,-0.06964733316366488,-0.5889299672003053,-0.5205619648759905,0.05246683195224911,-0.8147400426846423,-0.7008820735450464,-0.6328365321756877,-0.06421042520716432,0
0.8165947914369808,-0.26277030141649665,-0.07072188977038286,-0.5889411682136669,-0.5206034219910133,0.7768210437956296,-0.8147400426846423,-0.7182263186611135,-0.6328365321756877,-0.06421042520716432,0
0.8165947914369808,-0.18653489764913506,-0.07049394279962036,-0.5890397790032733,-0.5209683995830833,0.40756555795364574,-0.8147400426846423,-0.7114813344493096,-0.6328365321756877,-0.06421042520716432,0
0.8165947914369808,-0.25926702435299326,-0.0705859502648092,-0.5889465070143781,-0.5206231819243419,0.4653723273027103,-0.8147400426846423,-0.7201534570073432,-0.6328365321756877,-0.06421042520716432,0
0.8165947914369808,-0.09073673245974455,-0.07037856775836421,-0.5891267351560681,-0.5212902411115471,1.245173848521724,-0.8147400426846423,-0.721117026180458,-0.6328365321756877,-0.06421042520716432,0
0.8165947914369808,0.03682539804436303,-0.07038744572181999,-0.5892058052372589,-0.5215828947646365,1.4315711864227894,-0.8147400426846423,-0.7249713028729174,-0.6328365321756877,-0.06421042520716432,0
0.8165947914369808,-0.2818898326698588,-0.06914828737715296,-0.5889103218096277,-0.5204892534873368,1.0186656910723282,-0.8147400426846423,-0.7105177652761948,-0.6328365321756877,-0.06421042520716432,0
0.8165947914369808,-0.1666035498577021,-0.07061874875798863,-0.5890606107941788,-0.5210455020680324,0.6140183056288763,-0.8147400426846423,-0.7124449036224245,-0.6328365321756877,-0.06421042520716432,0
0.8165947914369808,-0.35439193624906745,-0.06967659773406523,-0.5887591255775477,-0.5199296470094742,3.393462154330838,-0.8147400426846423,-0.7018456427181612,-0.6328365321756877,-0.06421042520716432,0
0.8165947914369808,-0.13290946715150795,-0.0701255196776928,-0.5890922946572579,-0.5211627701690937,0.7060372445926933,-0.8147400426846423,-0.7240077336998026,-0.6328365321756877,-0.06421042520716432,0
0.8165947914369808,-0.2337202423297855,-0.07041769711437933,-0.5889828317957921,-0.5207576269609112,-0.6258779104092228,-0.8147400426846423,-0.7384612712965253,-0.6328365321756877,-0.06421042520716432,0
0.8165947914369808,-0.2781025702510503,-0.07047430383388793,-0.5889166725398156,-0.5205127587675055,0.8924345824937587,-0.8147400426846423,-0.7124449036224245,-0.6328365321756877,-0.06421042520716432,0
0.8165947914369808,-0.21548768314845232,-0.0705676891556174,-0.5890062457516777,-0.5208442865377969,1.85273479168026,-0.8147400426846423,-0.7047363502375057,-0.6328365321756877,-0.06421042520716432,0
0.8165947914369808,0.16582069752152612,-0.07083165197886317,-0.5892611473150866,-0.5217877264918209,0.02533304225779023,-0.8147400426846423,-0.7220805953535729,-0.6328365321756877,-0.06421042520716432,0
0.8165947914369808,-0.3533012138049467,-0.07002936695907354,-0.5887619171073663,-0.5199399790007572,3.8441190092561985,-0.8147400426846423,-0.7076270577568503,-0.6328365321756877,-0.06421042520716432,0
0.8165947914369808,-0.4157271118044625,-0.06915299852276395,-0.5885632299749124,-0.5192045995211936,-0.6258779104092228,-0.8147400426846423,-0.7384612712965253,-0.6328365321756877,-0.06421042520716432,0
0.8165947914369808,-0.02178641430236174,-0.07038461018389376,-0.5891733537033149,-0.5214627853659722,0.49958449691746276,-0.8147400426846423,-0.7191898878342284,-0.6328365321756877,-0.06421042520716432,0
0.8165947914369808,-0.1980801553011446,-0.06970853724600487,-0.5890269030721463,-0.5209207432732907,1.3419117074324036,-0.8147400426846423,-0.7124449036224245,-0.6328365321756877,-0.06421042520716432,0
0.8165947914369808,0.1745722827823074,-0.07054268213793673,-0.5892642877860932,-0.5217993499820142,0.1551033407965066,-0.8147400426846423,-0.7105177652761948,-0.6328365321756877,-0.06421042520716432,0
0.8165947914369808,-0.2511885434962029,-0.07031231471819299,-0.5889584756982904,-0.5206674803369675,1.721784763154828,-0.8147400426846423,-0.7066634885837354,-0.6328365321756877,-0.06421042520716432,0
0.8165947914369808,0.013110129546585015,-0.07056131422173448,-0.5891933480354948,-0.5215367882535363,0.8735589027063091,-0.8147400426846423,-0.7220805953535729,-0.6328365321756877,-0.06421042520716432,0
0.8165947914369808,-0.340530099703998,-0.06935158788470476,-0.5887932171351699,-0.5200558264530172,4.165005565642843,-0.8147400426846423,-0.7134084727955393,-0.6328365321756877,-0.06421042520716432,0
0.8165947914369808,-0.12605028296865187,-0.07014951502894907,-0.5890982615521704,-0.5211848548004611,0.5420547764392245,-0.8147400426846423,-0.7134084727955393,-0.6328365321756877,-0.06421042520716432,0
0.8165947914369808,-0.06828416584925888,-0.07026374905896936,-0.5891385991577182,-0.5213341520744996,0.9938913613513006,-0.8147400426846423,-0.7124449036224245,-0.6328365321756877,-0.06421042520716432,0
0.8165947914369808,0.031330892587121864,-0.07092309152791784,-0.5891991404596563,-0.5215582271354484,0.9219278321616488,-0.8147400426846423,-0.7249713028729174,-0.6328365321756877,-0.06421042520716432,0
0.8165947914369808,-0.16635967855928357,-0.07011703928779453,-0.5890554813583062,-0.5210265170340499,1.2581508783755957,-0.8147400426846423,-0.7162991803148838,-0.6328365321756877,-0.06421042520716432,0
0.8165947914369808,-0.2807005789905124,-0.06994464757177013,-0.5889053668441919,-0.5204709142028096,2.1689024281200417,-0.8147400426846423,-0.6999185043719315,-0.6328365321756877,-0.06421042520716432,0
0.8165947914369808,0.08754319213946045,-0.0706701127854627,-0.589226253192889,-0.5216585766007841,0.861761602839153,-0.8147400426846423,-0.7182263186611135,-0.6328365321756877,-0.06421042520716432,0
0.8165947914369808,0.09969480600715654,-0.07064965303827463,-0.5892315919936002,-0.5216783365341127,0.6376129053631884,-0.8147400426846423,-0.715335611141769,-0.6328365321756877,-0.06421042520716432,0
0.8165947914369808,-0.23245427514290276,-0.07024908987500954,-0.5889783304538067,-0.5207409666249675,1.7583563927430115,-0.8147400426846423,-0.7105177652761948,-0.6328365321756877,-0.06421042520716432,0
0.8165947914369808,-0.3028086843193105,-0.0695612563503136,-0.5888654828624085,-0.5203232958773544,0.35447770855144356,-0.8147400426846423,-0.6922099509870128,-0.6328365321756877,-0.06421042520716432,0
0.8165947914369808,-0.10113583792389162,-0.07055390102931773,-0.5891139639072033,-0.5212429722514276,1.1968049190663843,-0.8147400426846423,-0.721117026180458,-0.6328365321756877,-0.06421042520716432,0
0.8165947914369808,-0.35294022993752583,-0.06921235225905231,-0.5887542752946884,-0.5199116951746201,1.1779292392789347,-0.8147400426846423,-0.7114813344493096,-0.6328365321756877,-0.06421042520716432,0
0.8165947914369808,-0.09817369174230087,-0.07078344435478828,-0.5891163018135716,-0.521251625294127,0.2931317492422322,-0.8147400426846423,-0.7201534570073432,-0.6328365321756877,-0.06421042520716432,0
0.8165947914369808,-0.2510841828077953,-0.07027671344317708,-0.5889521598621899,-0.5206441042066898,0.4264412377410954,-0.8147400426846423,-0.7056999194106206,-0.6328365321756877,-0.06421042520716432,0
0.8165947914369808,-0.27890753201411544,-0.07008856912245297,-0.5889084026329363,-0.5204821502433297,1.5035347156124412,-0.8147400426846423,-0.7143720419686542,-0.6328365321756877,-0.06421042520716432,0
0.8165947914369808,-0.3751114751075489,-0.07011902885428734,-0.5886929314274839,-0.5196846496661773,1.688752323526791,-0.8147400426846423,-0.7172627494879987,-0.6328365321756877,-0.06421042520716432,0
0.8165947914369808,-0.11749410240490028,-0.07049464073986153,-0.5891005994585387,-0.5211935078431605,2.0332334796477474,-0.8147400426846423,-0.7134084727955393,-0.6328365321756877,-0.06421042520716432,0
0.8165947914369808,-0.29650096504900775,-0.07005037123419017,-0.5888773468640586,-0.5203672068403069,2.7457903916239714,-0.8147400426846423,-0.7008820735450464,-0.6328365321756877,-0.06421042520716432,0
0.8165947914369808,0.10587746766068522,-0.07061805056602061,-0.589234243946755,-0.5216881519258315,1.0068683912051721,-0.8147400426846423,-0.7240077336998026,-0.6328365321756877,-0.06421042520716432,0
0.8165947914369808,-0.3343304396595278,-0.06907999456755705,-0.5887994631830955,-0.5200789442835128,-0.6246981804225072,-0.8147400426846423,-0.7374977021234104,-0.6328365321756877,-0.06421042520716432,0
0.8165947914369808,-0.48454454010276826,-0.068806219897533,-0.5881723809112575,-0.5177579915916901,0.17279929059724064,-0.8147400426846423,-0.7268984412191472,-0.6328365321756877,-0.06421042520716432,0
0.8165947914369808,-0.3108346131102844,-0.07050488779140342,-0.5888497805073756,-0.5202651784263879,1.4174144265822022,-0.8147400426846423,-0.7220805953535729,-0.6328365321756877,-0.06421042520716432,0
0.8165947914369808,-0.2586936005418973,-0.07010737716251673,-0.5889407843783914,-0.5206020013422119,2.3647376059148315,-0.8147400426846423,-0.70955419610308,-0.6328365321756877,-0.06421042520716432,0
0.8165947914369808,-0.1853115761779632,-0.06988237200008963,-0.5890355219202137,-0.5209526432963768,0.7662034739151892,-0.8147400426846423,-0.7143720419686542,-0.6328365321756877,-0.06421042520716432,0
0.8165947914369808,-0.3850103510308165,-0.07058874075911561,-0.5886624339646327,-0.5195717726614112,-0.6258779104092228,-0.8147400426846423,-0.7384612712965253,-0.6328365321756877,-0.06421042520716432,0
0.8165947914369808,-0.029383335444331027,-0.07076489429880314,-0.5891644905963217,-0.5214299812936489,0.6187372255757387,-0.8147400426846423,-0.568873096828313,-0.6328365321756877,-0.06421042520716432,0
0.8165947914369808,-0.008452159556226958,-0.0704646107412926,-0.5891771571626102,-0.5214768627040953,0.9455224318959609,-0.8147400426846423,-0.7201534570073432,-0.6328365321756877,-0.06421042520716432,0
0.8165947914369808,-0.010056176135716294,-0.07044565223549511,-0.5891762150213082,-0.5214733756570373,1.1401778797040354,-0.8147400426846423,-0.715335611141769,-0.6328365321756877,-0.06421042520716432,0
0.8165947914369808,-0.4598676111981149,-0.06881038460490278,-0.5883376743684655,-0.5183697746255316,4.961323306675875,-0.8147400426846423,0.26172353039668134,-0.6328365321756877,-0.06421042520716432,0
0.8165947914369808,-0.3818569183815374,-0.06888185775726526,-0.5886723787895916,-0.5196085803803567,1.5353874252537625,-0.8147400426846423,-0.7191898878342284,-0.6328365321756877,-0.06421042520716432,0
0.8165947914369808,-0.15361250854788244,-0.0702595654997645,-0.5890680781364199,-0.5210731401447142,0.8794575526398871,-0.8147400426846423,-0.6941370893332425,-0.6328365321756877,-0.06421042520716432,0
0.8165947914369808,-0.3510429224970807,-0.06902403535023847,-0.5887591255775477,-0.5199296470094742,0.9962508213247319,-0.8147400426846423,0.33206408003406485,-0.6328365321756877,-0.06421042520716432,0
0.8165947914369808,-0.07533863393505753,-0.07062280787530219,-0.5891335395097063,-0.5213154253402993,0.3002101291625258,-0.8147400426846423,-0.7297891487384917,-0.6328365321756877,-0.06421042520716432,0
0.8165947914369808,-0.22146576631502565,-0.07028710263922235,-0.5889927417263495,-0.5207943055299658,0.6718250749779409,-0.8147400426846423,-0.7105177652761948,-0.6328365321756877,-0.06421042520716432,0
0.8165947914369808,-0.3429449768116131,-0.06912832603496441,-0.5887791896979024,-0.5200039081968204,3.3734067445566724,-0.8147400426846423,-0.7066634885837354,-0.6328365321756877,-0.06421042520716432,0
0.8165947914369808,0.011994194404854514,-0.07057086229179292,-0.5891887769053346,-0.5215198696178105,0.365095278431884,-0.8147400426846423,-0.7230441645266877,-0.6328365321756877,-0.06421042520716432,0
0.8165947914369808,-0.30357302113982576,-0.0694775648215611,-0.5888640173091673,-0.5203178715819309,-0.6258779104092228,-0.8147400426846423,-0.7384612712965253,-0.6328365321756877,-0.06421042520716432,0
0.8165947914369808,-0.19936323009534795,-0.07016847132848224,-0.5890196799888312,-0.5208940092458462,0.9879927114177226,-0.8147400426846423,-0.7172627494879987,-0.6328365321756877,-0.06421042520716432,0
2.074338493190491,-0.6673466310553756,7.268490366832916,0.48228070638397297,4.7665631011003065,-0.6258779104092228,-0.8147400426846423,-0.7384612712965253,2.5349831202669786,6.388937308112848,0
0.8165947914369808,0.020065403303226266,-0.0706488418212578,-0.5891931735647438,-0.5215361425040812,-0.6258779104092228,-0.8147400426846423,-0.7384612712965253,-0.6328365321756877,-0.06421042520716432,0
0.8165947914369808,-0.2698388792550813,-0.06918918771528307,-0.5889233373171042,-0.5205374263966934,0.26599795954777333,-0.8147400426846423,-0.7037727810643909,-0.6328365321756877,-0.06421042520716432,0
0.8165947914369808,-0.2862809399451109,-0.07063063891601824,-0.5888957360663337,-0.5204352688328834,0.6116588456554451,-0.8147400426846423,-0.715335611141769,-0.6328365321756877,-0.06421042520716432,0
0.8165947914369808,-0.24005264542799484,-0.07044927825422817,-0.5889679320053975,-0.5207024799574386,0.7992359135432261,-0.8147400426846423,-0.715335611141769,-0.6328365321756877,-0.06421042520716432,0
0.8165947914369808,-0.291120756770913,-0.06994697146536928,-0.5888871521123538,-0.5204034979596883,2.3210875964063544,-0.8147400426846423,-0.7008820735450464,-0.6328365321756877,-0.06421042520716432,0
0.8165947914369808,-0.3399861691007275,-0.06985927995203864,-0.588786273204868,-0.5200301256247009,1.2782062881497611,-0.8147400426846423,-0.684501397602094,-0.6328365321756877,-0.06421042520716432,0
0.8165947914369808,-0.320160399895403,-0.06958866214084843,-0.5888306236342354,-0.5201942751362086,-0.6258779104092228,-0.8147400426846423,-0.7384612712965253,-0.6328365321756877,-0.06421042520716432,0
0.8165947914369808,0.19546108657453395,-0.07055270526515743,-0.5892684052925204,-0.5218145896691565,0.021793852297643423,-0.8147400426846423,-0.721117026180458,-0.6328365321756877,-0.06421042520716432,0
0.8165947914369808,-0.22682893077897115,-0.0699840330366947,-0.5889857977960476,-0.5207686047016493,0.16218172071680023,-0.8147400426846423,-0.7201534570073432,-0.6328365321756877,-0.06421042520716432,0
0.8165947914369808,-0.19265779208638273,-0.07016383388590809,-0.5890273566955967,-0.5209224222218742,2.4425997850380616,-0.8147400426846423,-0.7172627494879987,-0.6328365321756877,-0.06421042520716432,0
0.8165947914369808,0.14644202860392652,-0.07073960019276627,-0.5892506441842582,-0.5217488523746188,0.022973582284359025,-0.8147400426846423,-0.6777564133902901,-0.6328365321756877,-0.06421042520716432,0
0.8165947914369808,-0.297066291526879,-0.06882607102975903,-0.5888763000401804,-0.5203633323435758,1.6510009639518917,-0.8147400426846423,-0.7085906269299651,-0.6328365321756877,-0.06421042520716432,0
0.8165947914369808,-0.371359542875258,-0.06980362815622466,-0.5887039579704083,-0.519725461031745,2.985275578927239,-0.8147400426846423,-0.7037727810643909,-0.6328365321756877,-0.06421042520716432,0
0.8165947914369808,-0.352668638364306,-0.06850406261484655,-0.5887549731770644,-0.5199142781724408,0.7650237439284735,-0.8147400426846423,-0.7124449036224245,-0.6328365321756877,-0.06421042520716432,0
0.8165947914369808,-0.30629472808017644,-0.06947602620006924,-0.588858748296631,-0.5202983699483843,0.5526723463196649,-0.8147400426846423,0.22414433264520248,-0.6328365321756877,-0.06421042520716432,0
0.8165947914369808,-0.33215500225102546,-0.06990360141493215,-0.5888044181482173,-0.52009728356804,3.1504377770674235,-0.8147400426846423,-0.7085906269299651,-0.6328365321756877,-0.06421042520716432,0
0.8165947914369808,-0.2586477647816984,-0.07005451251982808,-0.5889408541665663,-0.5206022596419939,2.125252418611564,-0.8147400426846423,-0.7114813344493096,-0.6328365321756877,-0.06421042520716432,0
0.8165947914369808,-0.30530810397359914,-0.0695039615848538,-0.5888606674736364,-0.5203054731923914,1.2027035689999623,-0.8147400426846423,-0.4773340253824029,-0.6328365321756877,-0.06421042520716432,0
0.8165947914369808,0.03537168828763011,-0.07058434425864332,-0.5892012341070987,-0.5215659761289106,-0.6258779104092228,-0.8147400426846423,-0.7384612712965253,-0.6328365321756877,-0.06421042520716432,0
0.8165947914369808,0.12650489388809258,-0.07085791996212815,-0.5892427930066476,-0.5217197936491356,0.4323398876746734,-0.8147400426846423,-0.7297891487384917,-0.6328365321756877,-0.06421042520716432,0
0.8165947914369808,-0.041756358313157424,-0.07045708017586289,-0.5891566045247179,-0.5214007934182746,0.5656493761735366,-0.8147400426846423,-0.7134084727955393,-0.6328365321756877,-0.06421042520716432,0
0.8165947914369808,-0.12283380657312469,-0.07035149995670005,-0.5890960632224658,-0.5211767183573257,-0.6270576403959385,-0.8147400426846423,-0.7394248404696401,-0.6328365321756877,-0.06421042520716432,0
0.8165947914369808,-0.0707844741698241,-0.0702436186523695,-0.5891368195573765,-0.5213275654300568,1.0375413708597778,-0.8147400426846423,-0.7259348720460322,-0.6328365321756877,-0.06421042520716432,0
0.8165947914369808,-0.3002930214107911,-0.07006116714296451,-0.588870263357093,-0.5203409894124265,2.4673741147590893,-0.8147400426846423,-0.7076270577568503,-0.6328365321756877,-0.06421042520716432,0
0.8165947914369808,-0.30121515803092797,-0.07070708365742993,-0.5888685186511528,-0.5203345319178746,0.8865359325601807,-0.8147400426846423,-0.7172627494879987,-0.6328365321756877,-0.06421042520716432,0
0.8165947914369808,-0.18559832320255884,-0.07035539552594731,-0.589035207873113,-0.5209514809473575,1.7253239531149747,-0.8147400426846423,-0.715335611141769,-0.6328365321756877,-0.06421042520716432,0
0.8165947914369808,-0.12938424338464763,-0.0706772003178402,-0.5890903754805665,-0.5211556669250867,1.2782062881497611,-0.8147400426846423,-0.7143720419686542,-0.6328365321756877,-0.06421042520716432,0
0.8165947914369808,-0.24060309250564216,-0.07003521150129176,-0.5889671643348466,-0.5206996386598357,1.8385780318396727,-0.8147400426846423,-0.7105177652761948,-0.6328365321756877,-0.06421042520716432,0
0.8165947914369808,-0.49731993347897724,-0.06700004276742902,-0.5880679776971756,-0.517371575117708,-0.6258779104092228,-0.8147400426846423,-0.7384612712965253,-0.6328365321756877,-0.06421042520716432,0
0.8165947914369808,-0.12173333886340952,-0.07055313989674018,-0.5890970053637677,-0.5211802054043837,1.4881982257851385,-0.8147400426846423,-0.7172627494879987,-0.6328365321756877,-0.06421042520716432,0
0.8165947914369808,-0.15702947804312203,-0.06993590946382626,-0.5890647631946623,-0.5210608709050657,0.44885610748869187,-0.8147400426846423,-0.7162991803148838,-0.6328365321756877,-0.06421042520716432,0
0.8165947914369808,-0.32083733019160743,-0.07001261771754196,-0.5888291929750818,-0.5201889799906761,1.5896550046426803,-0.8147400426846423,-0.7008820735450464,-0.6328365321756877,-0.06421042520716432,0
0.8165947914369808,-0.08614770565490737,-0.07066738492884764,-0.5891255487558402,-0.5212858500152519,-0.6258779104092228,-0.8147400426846423,-0.7384612712965253,-0.6328365321756877,-0.06421042520716432,0
0.8165947914369808,-0.06065592700704675,-0.07063414529936889,-0.5891439379584293,-0.5213539120078282,1.1979846490531,-0.8147400426846423,-0.7172627494879987,-0.6328365321756877,-0.06421042520716432,0
0.8165947914369808,-0.055461614924516595,-0.07037038947615153,-0.5891474971587988,-0.5213670852967139,1.1036062501158517,-0.8147400426846423,-0.715335611141769,-0.6328365321756877,-0.06421042520716432,0
0.8165947914369808,-0.20637810473519813,-0.07068852410723073,-0.5890114100819519,-0.5208634007216704,0.41936285782080174,-0.8147400426846423,-0.7230441645266877,-0.6328365321756877,-0.06421042520716432,0
0.8165947914369808,0.04366444048854547,-0.07047296933072109,-0.5892054562957568,-0.5215816032657261,1.39381982684789,-0.8147400426846423,-0.7249713028729174,-0.6328365321756877,-0.06421042520716432,0
0.8165947914369808,-0.263068914048137,-0.0702554896413397,-0.5889340498126139,-0.5205770754132417,0.7201940044332806,-0.8147400426846423,-0.7143720419686542,-0.6328365321756877,-0.06421042520716432,0
0.8165947914369808,-0.11052158751137237,-0.06974853325585961,-0.5891063918827001,-0.5212149467250726,0.4323398876746734,-0.8147400426846423,-0.7288255795653769,-0.6328365321756877,-0.06421042520716432,0
2.074338493190491,-0.6673475137059137,7.579494640681517,0.4876193764515554,4.792909033122362,0.30256958913595705,-0.8147400426846423,-0.7105177652761948,2.5349831202669786,6.388937308112848,0
0.8165947914369808,-0.24217155896075357,-0.07006084095608402,-0.588964966005142,-0.5206915022167004,-0.6258779104092228,-0.8147400426846423,-0.7384612712965253,-0.6328365321756877,-0.06421042520716432,0
0.8165947914369808,-0.3008468596763075,-0.0702204770768879,-0.588869216533529,-0.5203371149156953,1.4870184957984227,-0.8147400426846423,-0.7056999194106206,-0.6328365321756877,-0.06421042520716432,0
0.8165947914369808,-0.24520082420322947,-0.06963362781364074,-0.588960674027995,-0.5206756167801029,1.22747789872099,-0.8147400426846423,-0.7220805953535729,-0.6328365321756877,-0.06421042520716432,0
0.8165947914369808,0.042004076747729435,-0.0705967208321467,-0.5892046188370311,-0.5215785036683412,0.5609304562266741,-0.8147400426846423,-0.7066634885837354,-0.6328365321756877,-0.06421042520716432,0
0.8165947914369808,-0.2922440038527472,-0.0702348636736878,-0.5888851282530863,-0.5203960072660082,1.2522522284420177,-0.8147400426846423,-0.7124449036224245,-0.6328365321756877,-0.06421042520716432,0
0.8165947914369808,-0.3973181565544876,-0.0701597731292288,-0.5886213984770228,-0.5194198923895519,0.6281750654694636,-0.8147400426846423,-0.5717638043476575,-0.6328365321756877,-0.06421042520716432,0
0.8165947914369808,-0.3896808994881534,-0.06879769789837292,-0.5886472899156263,-0.5195157216087012,0.2258871399994428,-0.8147400426846423,-0.7240077336998026,-0.6328365321756877,-0.06421042520716432,0
0.8165947914369808,-0.38201346705543604,-0.0693688394715356,-0.5886718902717398,-0.5196067722818821,-0.6246981804225072,-0.8147400426846423,-0.7374977021234104,-0.6328365321756877,-0.06421042520716432,0
0.8165947914369808,-0.2492693149391355,-0.06972079621405071,-0.5889548118153448,-0.5206539195984087,1.6663374537791946,-0.8147400426846423,-0.7114813344493096,-0.6328365321756877,-0.06421042520716432,0
0.8165947914369808,0.02594894676519715,-0.07047308918617014,-0.5891963140357503,-0.5215477659942744,0.6340737154030416,-0.8147400426846423,-0.7249713028729174,-0.6328365321756877,-0.06421042520716432,0
0.8165947914369808,-0.2703802135187318,-0.07023506093188055,-0.588922464963977,-0.5205341976494176,1.6745955636862038,-0.8147400426846423,-0.7124449036224245,-0.6328365321756877,-0.06421042520716432,0
0.8165947914369808,-0.41757928968630664,-0.06938162222613736,-0.5885342678534771,-0.5190974051116329,4.314831273955724,-0.8147400426846423,-0.7076270577568503,-0.6328365321756877,-0.06421042520716432,0
0.8165947914369808,-0.5402099957145703,-0.06754154103478474,-0.5875430654156274,-0.5154287733068411,3.5609838124444537,-0.8147400426846423,2.5203296721778723,-0.6328365321756877,-0.06421042520716432,0
0.8165947914369808,-0.5142594348715742,-0.06847682270279523,-0.587885132496418,-0.5166948296886751,-0.6246981804225072,-0.8147400426846423,-0.7374977021234104,-0.6328365321756877,-0.06421042520716432,0
0.8165947914369808,-0.3442007131638263,-0.06936661906896263,-0.588767814214104,-0.5199618053323424,1.7677942326367364,-0.8147400426846423,-0.7105177652761948,-0.6328365321756877,-0.06421042520716432,0
0.8165947914369808,0.20790767381431033,-0.0709092736773847,-0.5892695219044165,-0.5218187224656697,0.1515641508363598,-0.8147400426846423,-0.7230441645266877,-0.6328365321756877,-0.06421042520716432,0
0.8165947914369808,-0.4426714262680533,-0.06976607951986195,-0.5884194312972126,-0.5186723728202308,1.2628697983224582,-0.8147400426846423,0.26654137626225555,-0.6328365321756877,-0.06421042520716432,0
0.8165947914369808,-0.20823499891218877,-0.06989282308785141,-0.5890033146455097,-0.5208334379469498,1.2015238390132468,-0.8147400426846423,-0.7047363502375057,-0.6328365321756877,-0.06421042520716432,0
0.8165947914369808,0.056200439666034274,-0.0705076842497766,-0.5892079337784747,-0.5215907729079897,1.6757752936729193,-0.8147400426846423,-0.721117026180458,-0.6328365321756877,-0.06421042520716432,0
0.8165947914369808,-0.11384480265653812,-0.07073546458028171,-0.5890987849641095,-0.5211867920488266,0.8570426828922906,-0.8147400426846423,-0.7162991803148838,-0.6328365321756877,-0.06421042520716432,0
0.8165947914369808,-0.25208535083121003,-0.0695685536109112,-0.5889442040024112,-0.5206146580315335,0.19285470037140592,-0.8147400426846423,-0.5679095276551981,-0.6328365321756877,-0.06421042520716432,0
0.8165947914369808,-0.23390269928999274,-0.07005789962321196,-0.5889701652291895,-0.5207107455504649,2.3682767958749786,-0.8147400426846423,-0.7124449036224245,-0.6328365321756877,-0.06421042520716432,0
0.8165947914369808,-0.2851843122910053,-0.06952411159405303,-0.588890606630461,-0.5204162837989009,0.39458852809977407,-0.8147400426846423,-0.70955419610308,-0.6328365321756877,-0.06421042520716432,0
0.8165947914369808,-0.2235068460040335,-0.07005958649173306,-0.5889840530897933,-0.5207621472070976,1.1401778797040354,-0.8147400426846423,-0.715335611141769,-0.6328365321756877,-0.06421042520716432,0
0.8165947914369808,-0.1674134008868717,-0.07079714479343294,-0.589049025945542,-0.5210026243042081,0.30728850908281946,-0.8147400426846423,-0.7288255795653769,-0.6328365321756877,-0.06421042520716432,0
0.8165947914369808,0.1505819121186783,-0.07092944017397791,-0.5892489343723112,-0.521742524029958,0.2872330993086542,-0.8147400426846423,-0.7230441645266877,-0.6328365321756877,-0.06421042520716432,0
0.8165947914369808,-0.1784303843158212,-0.07005820141802725,-0.589037441096905,-0.5209597465403839,0.34032094871085633,-0.8147400426846423,-0.7162991803148838,-0.6328365321756877,-0.06421042520716432,0
0.8165947914369808,-0.27679369839372026,-0.07012516700506635,-0.5889050527970913,-0.5204697518537902,1.4610644360906795,-0.8147400426846423,-0.7162991803148838,-0.6328365321756877,-0.06421042520716432,0
0.8165947914369808,-0.24097876057312953,-0.07030003736979458,-0.588960325086807,-0.5206743252811925,0.7744615838221983,-0.8147400426846423,-0.7134084727955393,-0.6328365321756877,-0.06421042520716432,0
0.8165947914369808,-0.3619598771528621,-0.06971185411778161,-0.5887215795021326,-0.5197906817267186,1.694650973460369,-0.8147400426846423,0.8523914335160798,-0.6328365321756877,-0.06421042520716432,0
0.8165947914369808,-0.23711827802722335,-0.07043031684862684,-0.5889657336756929,-0.5206943435143032,1.233376548654568,-0.8147400426846423,-0.7076270577568503,-0.6328365321756877,-0.06421042520716432,0
0.8165947914369808,0.010842733451933114,-0.07060718820956594,-0.5891841708814008,-0.5215028218321937,1.301800887884073,-0.8147400426846423,-0.7172627494879987,-0.6328365321756877,-0.06421042520716432,0
0.8165947914369808,-0.2453275306399976,-0.07090097090128082,-0.5889541139329686,-0.5206513366005879,-0.6258779104092228,-0.8147400426846423,-0.7384612712965253,-0.6328365321756877,-0.06421042520716432,0
0.8165947914369808,-0.08116398938012363,-0.07039114049302385,-0.5891246764027129,-0.5212826212679759,0.8700197127461623,-0.8147400426846423,-0.7172627494879987,-0.6328365321756877,-0.06421042520716432,0
0.8165947914369808,0.11422740138975304,-0.07069202848727843,-0.5892343137349298,-0.5216884102256136,0.16454118069023144,-0.8147400426846423,-0.7240077336998026,-0.6328365321756877,-0.06421042520716432,0
0.8165947914369808,0.014483121066571217,-0.07058175333615263,-0.5891861947403545,-0.5215103125258738,0.4346993476481046,-0.8147400426846423,-0.7307527179116065,-0.6328365321756877,-0.06421042520716432,0
0.8165947914369808,-0.09389509030461524,-0.07072548634963798,-0.5891149409425926,-0.5212465884483767,1.0233846110191906,-0.8147400426846423,-0.7259348720460322,-0.6328365321756877,-0.06421042520716432,0
0.8165947914369808,-0.062589082389113,-0.07058699579275693,-0.5891381455339538,-0.5213324731259161,1.4362901063696518,-0.8147400426846423,-0.7037727810643909,-0.6328365321756877,-0.06421042520716432,0
0.8165947914369808,0.00270084341783641,-0.07056797885236643,-0.5891795648571533,-0.5214857740465768,1.2557914184021646,-0.8147400426846423,-0.7201534570073432,-0.6328365321756877,-0.06421042520716432,0
0.8165947914369808,-0.21307707929568934,-0.07041272541311976,-0.5889973477505972,-0.5208113533155826,1.1673116693984944,-0.8147400426846423,-0.7240077336998026,-0.6328365321756877,-0.06421042520716432,0
0.8165947914369808,-0.2867052986426375,-0.06972286597486155,-0.5888879197829048,-0.5204063392572911,0.7909778036362168,-0.8147400426846423,-0.7018456427181612,-0.6328365321756877,-0.06421042520716432,0
0.8165947914369808,0.18344973818341287,-0.07091837776253127,-0.589261077526849,-0.5217874681920388,0.07724116167327678,-0.8147400426846423,-0.7249713028729174,-0.6328365321756877,-0.06421042520716432,0
0.8165947914369808,-0.24090469874665746,-0.07037750523714295,-0.5889604297690691,-0.5206747127308656,0.31082769904296625,-0.8147400426846423,-0.7191898878342284,-0.6328365321756877,-0.06421042520716432,0
0.8165947914369808,-0.25259982712775403,-0.06983968667656609,-0.5889434363315462,-0.5206118167339306,2.456756544878649,-0.8147400426846423,-0.7037727810643909,-0.6328365321756877,-0.06421042520716432,0
0.8165947914369808,-0.2994591198543447,-0.0707764858434046,-0.5888718335925963,-0.5203468011575231,1.0186656910723282,-0.8147400426846423,-0.7172627494879987,-0.6328365321756877,-0.06421042520716432,0
0.8165947914369808,-0.16701308773820744,-0.0705877472039629,-0.5890548183700175,-0.5210240631861202,1.153154909557907,-0.8147400426846423,-0.7143720419686542,-0.6328365321756877,-0.06421042520716432,0
1.4454666423137361,0.085305774590155,-0.07004870628711632,-0.5889757168841165,-0.5204896409370099,3.3179594351810393,-0.8147400426846423,-0.7182263186611135,-0.6328365321756877,-0.06421042520716432,1
0.8165947914369808,-0.27617607745403633,-0.07038775783202503,-0.5889129737627825,-0.5204990688790555,1.2876441280434858,-0.8147400426846423,-0.715335611141769,-0.6328365321756877,-0.06421042520716432,0
1.4454666423137361,0.009208951742848786,-0.07010160211980158,-0.5889096413741383,-0.5202179095662683,2.568830893616631,-0.8147400426846423,-0.7124449036224245,-0.6328365321756877,-0.06421042520716432,1
0.8165947914369808,-0.23377376800366328,-0.07006960926814094,-0.588976550853779,-0.5207343799805246,0.8157521333572445,-0.8147400426846423,-0.7143720419686542,-0.6328365321756877,-0.06421042520716432,0
0.8165947914369808,-0.26024592149722603,-0.07021850552438465,-0.5889384115779357,-0.5205932191496214,2.8059566209464673,-0.8147400426846423,-0.7124449036224245,-0.6328365321756877,-0.06421042520716432,0
1.4454666423137361,-0.018928561272548203,-0.07009705227220317,-0.5888812829209489,-0.5201012872146621,2.3494011160875288,-0.8147400426846423,-0.7076270577568503,-0.6328365321756877,-0.06421042520716432,1
0.8165947914369808,0.08942380981206811,-0.0705782629333212,-0.5892270906516147,-0.5216616761981689,0.8039548334900884,-0.8147400426846423,-0.721117026180458,-0.6328365321756877,-0.06421042520716432,0
0.8165947914369808,-0.2768677652371991,-0.06996731460138048,-0.5889118222566421,-0.5204948069326513,1.3607873872198533,-0.8147400426846423,-0.70955419610308,-0.6328365321756877,-0.06421042520716432,0
0.8165947914369808,0.09768258491320422,-0.07079165155355634,-0.589230719640473,-0.5216751077868368,-0.6258779104092228,-0.8147400426846423,-0.7384612712965253,-0.6328365321756877,-0.06421042520716432,0
1.4454666423137361,0.023551734847321724,-0.07047714897127208,-0.5889232082088866,-0.5202737023191963,1.6663374537791946,-0.8147400426846423,-0.721117026180458,-0.6328365321756877,-0.06421042520716432,1
0.8165947914369808,-0.24850967758749762,-0.07009021445075521,-0.588936631977594,-0.5205866325051784,0.3639155484451684,-0.8147400426846423,-0.7134084727955393,-0.6328365321756877,-0.06421042520716432,0
0.8165947914369808,-0.2321718234479892,-0.0703134302183703,-0.588960150616056,-0.5206736795317373,1.9423942706706456,-0.8147400426846423,-0.7143720419686542,-0.6328365321756877,-0.06421042520716432,0
0.8165947914369808,-0.1611655370549852,-0.07044559254755486,-0.589044733968709,-0.5209867388676106,1.5601617549747901,-0.8147400426846423,-0.7047363502375057,-0.6328365321756877,-0.06421042520716432,0
0.8165947914369808,-0.24621074806130974,-0.07072620321853226,-0.5889400516016139,-0.5205992891945002,0.632893985416326,-0.8147400426846423,-0.721117026180458,-0.6328365321756877,-0.06421042520716432,0
1.4454666423137361,0.07275073124071439,-0.07026517369366281,-0.5889575649616986,-0.5204149922999906,2.3494011160875288,-0.8147400426846423,-0.6922099509870128,-0.6328365321756877,-0.06421042520716432,1
0.8165947914369808,-0.07753360644892476,-0.07046157652139608,-0.5891365055102759,-0.5213264030810374,0.6989588646723998,-0.8147400426846423,-0.7172627494879987,-0.6328365321756877,-0.06421042520716432,0
0.8165947914369808,-0.29924694504018373,-0.06982515699851796,-0.5888795451937632,-0.5203753432834423,2.6490525327132923,-0.8147400426846423,-0.7076270577568503,-0.6328365321756877,-0.06421042520716432,0
2.074338493190491,-0.6673850068766641,9.694323702852008,0.7622257203622063,6.148070574178647,0.42526150775437976,-0.8147400426846423,-0.7220805953535729,2.5349831202669786,6.388937308112848,0
0.8165947914369808,-0.2308591853622344,-0.07023201572047097,-0.5889866352550874,-0.5207717042990343,1.156694099518054,-0.8147400426846423,-0.7018456427181612,-0.6328365321756877,-0.06421042520716432,0
0.8165947914369808,-0.2787738430616296,-0.06997726358704832,-0.5889155559277626,-0.5205086259709922,2.295133536698611,-0.8147400426846423,-0.7085906269299651,-0.6328365321756877,-0.06421042520716432,0
0.8165947914369808,-0.30735247481907857,-0.0700226460136537,-0.5888641568858309,-0.520318388181495,2.724555251863091,-0.8147400426846423,-0.7134084727955393,-0.6328365321756877,-0.06421042520716432,0
0.8165947914369808,-0.2222099420235024,-0.07060346738155318,-0.5889978362681348,-0.5208131614140571,0.9997900112848787,-0.8147400426846423,-0.6989549351988167,-0.6328365321756877,-0.06421042520716432,0
0.8165947914369808,-0.27481800612639873,-0.07028675635462367,-0.5889220811287016,-0.5205327770006162,-0.6258779104092228,-0.8147400426846423,-0.7384612712965253,-0.6328365321756877,-0.06421042520716432,0
0.8165947914369808,-0.2205274274257445,-0.07040576782330393,-0.5889999648096647,-0.5208210395574103,1.1779292392789347,-0.8147400426846423,-0.715335611141769,-0.6328365321756877,-0.06421042520716432,0
0.8165947914369808,-0.2325436284202278,-0.0699344768904377,-0.5889844020312954,-0.5207634387060079,0.6765439949248033,-0.8147400426846423,-0.7162991803148838,-0.6328365321756877,-0.06421042520716432,0
0.8165947914369808,-0.24122834778600635,-0.06985666999173233,-0.58897260781782,-0.5207197860428374,1.4398292963297987,-0.8147400426846423,-0.7191898878342284,-0.6328365321756877,-0.06421042520716432,0
0.8165947914369808,-0.24077793750873802,-0.07075599980621664,-0.5889669200759208,-0.5206987346105985,0.7838994237159232,-0.8147400426846423,-0.7172627494879987,-0.6328365321756877,-0.06421042520716432,0
0.8165947914369808,-0.05857865038570521,-0.07056753622050975,-0.589145368617269,-0.5213592071533607,0.4936858469838848,-0.8147400426846423,-0.7172627494879987,-0.6328365321756877,-0.06421042520716432,0
0.8165947914369808,-0.26320343389413636,-0.07023753764302772,-0.5889338404480895,-0.5205763005138956,-0.012418317317109077,-0.8147400426846423,-0.721117026180458,-0.6328365321756877,-0.06421042520716432,0
0.8165947914369808,-0.2661624791795909,-0.06973280780618708,-0.5889291995297545,-0.5205591235783876,1.5766779747888087,-0.8147400426846423,-0.6739021366978308,-0.6328365321756877,-0.06421042520716432,0
0.8165947914369808,-0.051429101916338704,-0.07044032458922211,-0.5891502189004425,-0.5213771589882148,0.13032901107547892,-0.8147400426846423,-0.7191898878342284,-0.6328365321756877,-0.06421042520716432,0
0.8165947914369808,-0.08540532487710013,-0.07043799192779047,-0.5891261070618667,-0.5212879164135084,0.9561400017764012,-0.8147400426846423,-0.7230441645266877,-0.6328365321756877,-0.06421042520716432,0
0.8165947914369808,-0.1713372358793147,-0.07031334330013986,-0.5890503868165209,-0.5210076611499586,0.6635669650709316,-0.8147400426846423,-0.7162991803148838,-0.6328365321756877,-0.06421042520716432,0
0.8165947914369808,0.004915219784451782,-0.0706041221155878,-0.5891848338696897,-0.5215052756801234,1.5884752746559647,-0.8147400426846423,-0.7249713028729174,-0.6328365321756877,-0.06421042520716432,0
0.8165947914369808,-0.34066135502225425,-0.06979408092649979,-0.5887846680752773,-0.5200241847297131,3.2094242764032037,-0.8147400426846423,-0.7124449036224245,-0.6328365321756877,-0.06421042520716432,0
0.8165947914369808,-0.2295807987679393,-0.06965804406688507,-0.5889821688071893,-0.5207551731129816,2.334064626260226,-0.8147400426846423,-0.7182263186611135,-0.6328365321756877,-0.06421042520716432,0
0.8165947914369808,-0.025451126295664164,-0.0705439484353783,-0.5891669331849522,-0.5214390217860215,0.6859818348185281,-0.8147400426846423,-0.7105177652761948,-0.6328365321756877,-0.06421042520716432,0
0.8165947914369808,-0.47403522408167326,-0.06680105419169417,-0.5882618494408575,-0.5180891319123085,0.5845250559609863,-0.8147400426846423,-0.6854649667752089,-0.6328365321756877,-0.06421042520716432,0
0.8165947914369808,-0.43216708240945234,-0.06868125009576878,-0.5884933719422167,-0.5189460414393379,0.6871615648052437,-0.8147400426846423,0.3339912183802945,-0.6328365321756877,-0.06421042520716432,0
0.8165947914369808,-0.38817304167855093,-0.06880013620546836,-0.5886618756589203,-0.5195697062631546,2.159464588226317,-0.8147400426846423,-0.5226217765188005,-0.6328365321756877,-0.06421042520716432,0
0.8165947914369808,-0.2448486461475805,-0.07003405138319731,-0.5889675481701221,-0.5207010593086371,0.6918804847521062,-0.8147400426846423,-0.7114813344493096,-0.6328365321756877,-0.06421042520716432,0
0.8165947914369808,-0.3052915584640038,-0.06997986343971574,-0.5888681348155633,-0.5203331112690732,1.0233846110191906,-0.8147400426846423,-0.7018456427181612,-0.6328365321756877,-0.06421042520716432,0
0.8165947914369808,-0.3304971539216502,-0.0699840818282892,-0.5888161425735179,-0.5201406779314284,2.545236293882319,-0.8147400426846423,-0.6941370893332425,-0.6328365321756877,-0.06421042520716432,0
0.8165947914369808,-0.3486923246701232,-0.06982529906464824,-0.5887735019560032,-0.5199828567645813,2.3812538257288502,-0.8147400426846423,-0.6960642276794722,-0.6328365321756877,-0.06421042520716432,0
0.8165947914369808,-0.2532201510763412,-0.07059049700709213,-0.5889555096980349,-0.5206565025962294,0.21173038015885556,-0.8147400426846423,-0.715335611141769,-0.6328365321756877,-0.06421042520716432,0
0.8165947914369808,-0.30265433838155087,-0.07023150288437553,-0.5888731595691739,-0.5203517088533826,0.8723791727195934,-0.8147400426846423,-0.6999185043719315,-0.6328365321756877,-0.06421042520716432,0
0.8165947914369808,-0.47793398793328346,-0.06833501816131451,-0.5882350856491267,-0.5179900739458833,0.9113102622812084,-0.8147400426846423,-0.3029280050486164,-0.6328365321756877,-0.06421042520716432,0
0.8165947914369808,-0.325043167548115,-0.06989023780760026,-0.5888280414692554,-0.5201847180442719,2.144128098399014,-0.8147400426846423,-0.7076270577568503,-0.6328365321756877,-0.06421042520716432,0
0.8165947914369808,-0.5299182528841556,-0.06472996519418558,-0.587733308170451,-0.5161328985127739,-0.6246981804225072,-0.8147400426846423,-0.7374977021234104,-0.6328365321756877,-0.06421042520716432,0
0.8165947914369808,-0.30516424211357623,-0.0703253439007632,-0.5888683790744892,-0.5203340153183105,1.8739699314411407,-0.8147400426846423,-0.7076270577568503,-0.6328365321756877,-0.06421042520716432,0
0.8165947914369808,-0.3793840484185828,-0.06961785856399229,-0.5886893722271144,-0.5196714763772916,1.0210251510457595,-0.8147400426846423,-0.7114813344493096,-0.6328365321756877,-0.06421042520716432,0
0.8165947914369808,-0.253600356061685,-0.0703081452437497,-0.5889549513920085,-0.5206544361979728,0.38161149824590246,-0.8147400426846423,-0.7105177652761948,-0.6328365321756877,-0.06421042520716432,0
0.8165947914369808,-0.4544835028532905,-0.06690945335857125,-0.5883812920213695,-0.5185312119893276,2.310470026525914,-0.8147400426846423,-0.715335611141769,-0.6328365321756877,-0.06421042520716432,0
0.8165947914369808,-0.4571722882335038,-0.06805247871846218,-0.5883661828664505,-0.5184752900865086,3.0855526277980654,-0.8147400426846423,-0.35110646370435855,-0.6328365321756877,-0.06421042520716432,0
0.8165947914369808,-0.24559000963077482,-0.07012038791932772,-0.5889665013465579,-0.520697184811906,0.9856332514442914,-0.8147400426846423,-0.7105177652761948,-0.6328365321756877,-0.06421042520716432,0
0.8165947914369808,-0.43964347216242033,-0.0697783390414954,-0.588458268455118,-0.5188161166489548,-0.6246981804225072,-0.8147400426846423,-0.7374977021234104,-0.6328365321756877,-0.06421042520716432,0
0.8165947914369808,-0.4588027386114696,-0.06857748983318596,-0.5883568312416055,-0.5184406779157108,0.8794575526398871,-0.8147400426846423,0.49105299359801385,-0.6328365321756877,-0.06421042520716432,0
0.8165947914369808,-0.5311894503006445,-0.06560695797095291,-0.5877162449444392,-0.5160697442160569,0.24712227976032367,-0.8147400426846423,-0.7085906269299651,-0.6328365321756877,-0.06421042520716432,0
0.8165947914369808,-0.3888311012368701,-0.07022437976004692,-0.5886597471173904,-0.5195618281198013,1.9070023710691777,-0.8147400426846423,-0.7114813344493096,-0.6328365321756877,-0.06421042520716432,0
0.8165947914369808,-0.3303411035137132,-0.07014320069113887,-0.5888085007605258,-0.5201123941052913,1.0516981307003652,-0.8147400426846423,-0.7249713028729174,-0.6328365321756877,-0.06421042520716432,0
0.8165947914369808,-0.35801288153437444,-0.06988791127544085,-0.5887410155282858,-0.5198626182160261,3.904285238578694,-0.8147400426846423,-0.7085906269299651,-0.6328365321756877,-0.06421042520716432,0
0.8165947914369808,-0.4387306184328113,-0.06795317279593129,-0.5884509057954532,-0.518788866021946,1.721784763154828,-0.8147400426846423,-0.7220805953535729,-0.6328365321756877,-0.06421042520716432,0
0.8165947914369808,-0.32940326663385255,-0.0698318619427679,-0.5888105944079681,-0.5201201430987535,3.8665338790037946,-0.8147400426846423,-0.7018456427181612,-0.6328365321756877,-0.06421042520716432,0
0.8165947914369808,-0.3725095128509384,-0.06951340205676361,-0.5887006081345633,-0.5197130626422055,1.5625212149482215,-0.8147400426846423,-0.7085906269299651,-0.6328365321756877,-0.06421042520716432,0
0.8165947914369808,-0.34474045711350076,-0.0702929976126496,-0.5887748279325806,-0.5199877644604408,2.269179476990868,-0.8147400426846423,-0.7143720419686542,-0.6328365321756877,-0.06421042520716432,0
0.8165947914369808,-0.340338787649575,-0.07011016781070807,-0.5887854357458282,-0.520027026027316,-0.6258779104092228,-0.8147400426846423,-0.7384612712965253,-0.6328365321756877,-0.06421042520716432,0
0.8165947914369808,-0.2899321331890304,-0.07004676056911609,-0.5888892806538836,-0.5204113761030416,1.757176662756296,-0.8147400426846423,-0.7124449036224245,-0.6328365321756877,-0.06421042520716432,0
0.8165947914369808,-0.38597002312070555,-0.06902145591313562,-0.588659363282115,-0.519560407471,2.967579629126505,-0.8147400426846423,-0.6893192434676683,-0.6328365321756877,-0.06421042520716432,0
0.8165947914369808,-0.46399328755296376,-0.06556000367463276,-0.5883128297534261,-0.5182778199031133,-0.6246981804225072,-0.8147400426846423,-0.7374977021234104,-0.6328365321756877,-0.06421042520716432,0
0.8165947914369808,-0.41495517232759455,-0.06867902093344944,-0.5885556230563217,-0.5191764448449475,0.9478818918693921,-0.8147400426846423,-0.48311544042109195,-0.6328365321756877,-0.06421042520716432,0
0.8165947914369808,-0.4324026788497895,-0.06949536238821286,-0.5884808449522778,-0.5188996766284556,0.9832737914708601,-0.8147400426846423,0.57584708083212,-0.6328365321756877,-0.06421042520716432,0
0.8165947914369808,-0.31404975050528466,-0.07020162484622686,-0.588843290200524,-0.520241156546655,0.9455224318959609,-0.8147400426846423,-0.7162991803148838,-0.6328365321756877,-0.06421042520716432,0
0.8165947914369808,-0.44779415955656193,-0.06686019244618338,-0.5884050200246698,-0.5186190339152326,0.9490616218561077,-0.8147400426846423,-0.7008820735450464,-0.6328365321756877,-0.06421042520716432,0
0.8165947914369808,-0.3676210983255002,-0.0692051531053749,-0.5887146704659181,-0.5197651100482933,2.18541864793406,-0.8147400426846423,-0.70955419610308,-0.6328365321756877,-0.06421042520716432,0
0.8165947914369808,-0.45802460660449573,-0.06797749913659604,-0.588348456652464,-0.5184096819418619,2.7257349818498064,-0.8147400426846423,0.9391126590964156,-0.6328365321756877,-0.06421042520716432,0
0.8165947914369808,-0.4307310323237516,-0.06638002158431436,-0.5884884867649559,-0.5189279604545927,1.2321968186678525,-0.8147400426846423,-0.7230441645266877,-0.6328365321756877,-0.06421042520716432,0
0.8165947914369808,-0.25148798702135666,-0.07003469171238477,-0.5889515666620759,-0.5206419086585422,1.0351819108863467,-0.8147400426846423,-0.6864285359483238,-0.6328365321756877,-0.06421042520716432,0
0.8165947914369808,-0.3186484587439526,-0.07091857202388682,-0.5888337989993294,-0.520206027776293,-0.6258779104092228,-0.8147400426846423,-0.7384612712965253,-0.6328365321756877,-0.06421042520716432,0
0.8165947914369808,-0.36298812512663886,-0.06934788163557715,-0.5887275812911325,-0.5198128955079769,1.3041603478575043,-0.8147400426846423,0.7878322989173854,-0.6328365321756877,-0.06421042520716432,0
0.8165947914369808,-0.46337806196388814,-0.06929578290746775,-0.588316598318634,-0.5182917680913454,-0.6258779104092228,-0.8147400426846423,-0.7384612712965253,-0.6328365321756877,-0.06421042520716432,0
0.8165947914369808,-0.26079098879987167,-0.06980547883442886,-0.588937574118896,-0.5205901195522364,1.9376753507237834,-0.8147400426846423,-0.7008820735450464,-0.6328365321756877,-0.06421042520716432,0
0.8165947914369808,-0.3414649976212656,-0.06958883135391977,-0.5887827488982719,-0.5200170814857061,2.9781971990069454,-0.8147400426846423,-0.5110589464414224,-0.6328365321756877,-0.06421042520716432,0
0.8165947914369808,-0.11175239281302007,-0.0710993378862089,-0.5891053799532233,-0.5212112013782325,0.15982226074336903,-0.8147400426846423,-0.6758292750440604,-0.6328365321756877,-0.06421042520716432,0
0.8165947914369808,-0.46206695977688167,-0.06819867189971997,-0.5883245541784127,-0.5183212142665017,3.7296852005447847,-0.8147400426846423,-0.41277489078370844,-0.6328365321756877,-0.06421042520716432,0
0.8165947914369808,-0.35481492422314714,-0.07044780647190882,-0.5887494250115148,-0.519893743339766,-0.6258779104092228,-0.8147400426846423,-0.7384612712965253,-0.6328365321756877,-0.06421042520716432,0
0.8165947914369808,-0.29817308954142574,-0.07040817520786644,-0.5888742412871395,-0.5203557125000047,0.8015953735166572,-0.8147400426846423,-0.6854649667752089,-0.6328365321756877,-0.06421042520716432,0
0.8165947914369808,-0.3567336344848179,-0.06970001431880804,-0.5887444002579043,-0.5198751457554567,-0.6246981804225072,-0.8147400426846423,-0.7374977021234104,-0.6328365321756877,-0.06421042520716432,0
0.8165947914369808,-0.2831872765961005,-0.06981711215642102,-0.5889011097611323,-0.520455157916103,1.3560684672729908,-0.8147400426846423,-0.7047363502375057,-0.6328365321756877,-0.06421042520716432,0
0.8165947914369808,-0.5396301385570412,-0.0667866758333975,-0.5875732837254652,-0.515540617112479,-0.6246981804225072,-0.8147400426846423,-0.7374977021234104,-0.6328365321756877,-0.06421042520716432,0
0.8165947914369808,-0.32427973209076294,-0.06946392453052101,-0.588821830315417,-0.5201617293636673,1.0068683912051721,-0.8147400426846423,-0.7220805953535729,-0.6328365321756877,-0.06421042520716432,0
0.8165947914369808,-0.3076314947269603,-0.06959242197228037,-0.5888561312375635,-0.5202886837065566,3.3651486346496635,-0.8147400426846423,-0.6951006585063573,-0.6328365321756877,-0.06421042520716432,0
0.8165947914369808,-0.20757037440748846,-0.06998367569091804,-0.5890099794227982,-0.5208581055761379,0.7331710342871522,-0.8147400426846423,-0.7134084727955393,-0.6328365321756877,-0.06421042520716432,0
0.8165947914369808,-0.2126758792945893,-0.07045427131837131,-0.5890037682689598,-0.5208351168955333,2.6608498325804484,-0.8147400426846423,-0.715335611141769,-0.6328365321756877,-0.06421042520716432,0
0.8165947914369808,-0.41463993105841523,-0.06931077713819782,-0.5885568792447243,-0.5191810942410249,1.0127670411387502,-0.8147400426846423,-0.7134084727955393,-0.6328365321756877,-0.06421042520716432,0
0.8165947914369808,-0.45092617653335937,-0.06768028156340351,-0.5883882708457587,-0.5185570419675349,2.312829486499345,-0.8147400426846423,-0.6131972787915957,-0.6328365321756877,-0.06421042520716432,0
0.8165947914369808,0.14808033796870082,-0.07065246823229167,-0.5892512722784595,-0.5217511770726575,0.5278980165986372,-0.8147400426846423,-0.7162991803148838,-0.6328365321756877,-0.06421042520716432,0
0.8165947914369808,-0.36614648748681566,-0.06930562372584916,-0.5887188228664014,-0.5197804788853266,2.9074133998040095,-0.8147400426846423,-0.7114813344493096,-0.6328365321756877,-0.06421042520716432,0
0.8165947914369808,-0.23007983541896734,-0.07032482585907822,-0.5889815058189006,-0.5207527192650518,-0.6258779104092228,-0.8147400426846423,-0.7384612712965253,-0.6328365321756877,-0.06421042520716432,0
0.8165947914369808,-0.3277177788034858,-0.06937323274278834,-0.5888143280790886,-0.5201339621370945,2.277437586897877,-0.8147400426846423,-0.7018456427181612,-0.6328365321756877,-0.06421042520716432,0
0.8165947914369808,-0.44176156672670475,-0.06743544332441449,-0.5884359711109712,-0.5187335898685823,1.7666145026500208,-0.8147400426846423,-0.7037727810643909,-0.6328365321756877,-0.06421042520716432,0
0.8165947914369808,-0.2964820911079565,-0.06963462292468564,-0.5888773817581461,-0.520367335990198,0.0878587315537172,-0.8147400426846423,-0.1555019215620455,-0.6328365321756877,-0.06421042520716432,0
0.8165947914369808,-0.14649064507990006,-0.07016457999013713,-0.5890748475962847,-0.5210981952235754,-0.6258779104092228,-0.8147400426846423,-0.7384612712965253,-0.6328365321756877,-0.06421042520716432,0
0.8165947914369808,-0.26649349048348114,-0.06984031592964735,-0.5889286761178154,-0.5205571863300221,1.483479305838276,-0.8147400426846423,-0.6951006585063573,-0.6328365321756877,-0.06421042520716432,0
0.8165947914369808,-0.2888932831220795,-0.06964323900574859,-0.5888911300424001,-0.5204182210472665,2.97701746902023,-0.8147400426846423,-0.7008820735450464,-0.6328365321756877,-0.06421042520716432,0
0.8165947914369808,-0.4151037632182427,-0.06952903600711276,-0.5885550298562079,-0.5191742492967999,-0.023035887197549506,-0.8147400426846423,-0.2460774238348407,-0.6328365321756877,-0.06421042520716432,0
0.8165947914369808,0.054577649061114085,-0.07057073278712525,-0.5892108648849568,-0.5216016214988368,1.5837563547091023,-0.8147400426846423,-0.7220805953535729,-0.6328365321756877,-0.06421042520716432,0
0.8165947914369808,-0.2661624791795909,-0.07037505191040712,-0.5889291995297545,-0.5205591235783876,0.308468239069535,-0.8147400426846423,-0.7134084727955393,-0.6328365321756877,-0.06421042520716432,0
0.8165947914369808,-0.06441937639596257,-0.0705013854254816,-0.5891413208990478,-0.5213442257660005,0.5267182866119217,-0.8147400426846423,-0.7201534570073432,-0.6328365321756877,-0.06421042520716432,0
0.8165947914369808,-0.3223794025597809,-0.06977754700566717,-0.5888259129277256,-0.5201768399009187,0.5774466760406927,-0.8147400426846423,-0.7124449036224245,-0.6328365321756877,-0.06421042520716432,0
0.8165947914369808,-0.2531424905122874,-0.0704899214409625,-0.5889491240734455,-0.5206328681661697,1.1519751795711914,-0.8147400426846423,-0.70955419610308,-0.6328365321756877,-0.06421042520716432,0
0.8165947914369808,-0.1941371283280106,-0.07038377083685138,-0.5890256817778311,-0.5209162230271045,1.6285860942042951,-0.8147400426846423,-0.7066634885837354,-0.6328365321756877,-0.06421042520716432,0
0.8165947914369808,-0.3291365969758739,-0.06989599463230707,-0.5888111876080822,-0.5201223386469012,0.24948173973375487,-0.8147400426846423,-0.42626485920731627,-0.6328365321756877,-0.06421042520716432,0
0.8165947914369808,0.17047574350498476,-0.07054327120553373,-0.5892596119737021,-0.5217820438966153,1.16849139938521,-0.8147400426846423,-0.7162991803148838,-0.6328365321756877,-0.06421042520716432,0
0.8165947914369808,-0.05386528671501172,-0.07044098344991023,-0.5891485788764504,-0.5213710889433362,1.2357360086279994,-0.8147400426846423,-0.7240077336998026,-0.6328365321756877,-0.06421042520716432,0
0.8165947914369808,-0.01732361230163831,-0.07063637966167968,-0.5891718881503879,-0.5214573610705487,0.2636384995743421,-0.8147400426846423,-0.7182263186611135,-0.6328365321756877,-0.06421042520716432,0
0.8165947914369808,-0.18693198023133312,-0.07011708783680569,-0.589033742320186,-0.5209460566519339,0.7945169935963636,-0.8147400426846423,-0.7124449036224245,-0.6328365321756877,-0.06421042520716432,0
0.8165947914369808,-0.23089161568021974,-0.07024909168629842,-0.5889804241012491,-0.5207487156184297,0.8428859230517034,-0.8147400426846423,-0.7124449036224245,-0.6328365321756877,-0.06421042520716432,0
-1.070020761193285,-0.6675247233333842,-0.07121049599408058,1.4650789910121238,1.1670112483260588,-0.6270576403959385,-0.8147400426846423,0.6404062154308144,1.479043236119423,-0.06421042520716432,0
0.8165947914369808,-0.2221194923372261,-0.07002450663715255,-0.5889919042673097,-0.5207912059325808,1.323036027644954,-0.8147400426846423,-0.70955419610308,-0.6328365321756877,-0.06421042520716432,0
0.8165947914369808,0.007279242272618327,-0.07034087509965432,-0.5891861598462671,-0.5215101833759828,1.4870184957984227,-0.8147400426846423,-0.7240077336998026,-0.6328365321756877,-0.06421042520716432,0
0.8165947914369808,-0.36925220905734013,-0.06957834611788871,-0.588710029547583,-0.5197479331127854,0.8700197127461623,-0.8147400426846423,-0.7240077336998026,-0.6328365321756877,-0.06421042520716432,0
0.8165947914369808,-0.30816343526282475,-0.07029792804986211,-0.5888550844139994,-0.5202848092098254,2.807136350933183,-0.8147400426846423,-0.7124449036224245,-0.6328365321756877,-0.06421042520716432,0
0.8165947914369808,-0.3305124762463913,-0.07029217752236985,-0.5888081169252503,-0.5201109734564899,0.9337251320288048,-0.8147400426846423,-0.7124449036224245,-0.6328365321756877,-0.06421042520716432,0
0.8165947914369808,-0.4805625295973452,-0.06348105582740114,-0.5882020060209815,-0.5178676398491804,0.4689115172628571,-0.8147400426846423,-0.4744433178630584,-0.6328365321756877,-0.06421042520716432,0
0.8165947914369808,-0.05786607525947099,-0.07052307195067377,-0.5891458571351207,-0.5213610152518352,0.49014665702373794,-0.8147400426846423,-0.7162991803148838,-0.6328365321756877,-0.06421042520716432,0
0.8165947914369808,-0.29708510607428795,-0.06992749882099045,-0.5888762651460929,-0.5203632031936848,3.1858296766688916,-0.8147400426846423,-0.7134084727955393,-0.6328365321756877,-0.06421042520716432,0
0.8165947914369808,-0.5116609700090079,-0.06793915884507432,-0.5879303901730002,-0.5168623370973499,-0.6246981804225072,-0.8147400426846423,-0.7374977021234104,-0.6328365321756877,-0.06421042520716432,0
-1.070020761193285,-0.6675247233333842,-0.07121049599408058,1.4016885837444208,1.1148734373144962,-0.6270576403959385,-0.8147400426846423,0.4765994560012912,1.479043236119423,-0.06421042520716432,0
0.8165947914369808,-0.3899452407532685,-0.06792437346428828,-0.5886464175624991,-0.5195124928614253,2.1606443182130324,-0.8147400426846423,-0.715335611141769,-0.6328365321756877,-0.06421042520716432,0
0.8165947914369808,-0.36395140730026365,-0.06984976481484477,-0.5887249293376635,-0.5198030801162581,3.086732357784781,-0.8147400426846423,-0.7114813344493096,-0.6328365321756877,-0.06421042520716432,0
0.8165947914369808,-0.2830657277581167,-0.07003565499338626,-0.5889013191259708,-0.5204559328154492,3.069036407984047,-0.8147400426846423,-0.7085906269299651,-0.6328365321756877,-0.06421042520716432,0
0.8165947914369808,-0.3135007431542242,-0.06951004103730818,-0.588844406812577,-0.5202452893431682,3.26133239581869,-0.8147400426846423,-0.7056999194106206,-0.6328365321756877,-0.06421042520716432,0
0.8165947914369808,-0.4747516159537315,-0.06521711139177429,-0.5882430415089054,-0.5180195201210397,1.1024265201291361,-0.8147400426846423,-0.6941370893332425,-0.6328365321756877,-0.06421042520716432,0
0.8165947914369808,-0.491005373288326,-0.06713956038749866,-0.5881214703868636,-0.5175695619006674,-0.6211589904623604,-0.8147400426846423,-0.7346069946040659,-0.6328365321756877,-0.06421042520716432,0
0.8165947914369808,-0.24422044241090263,-0.07024260414087799,-0.5889620697927472,-0.5206807827757444,0.17161956061052505,-0.8147400426846423,-0.7240077336998026,-0.6328365321756877,-0.06421042520716432,0
0.8165947914369808,-0.42699855469316245,-0.0691400470383915,-0.5885051661556921,-0.5189896941025083,1.22747789872099,-0.8147400426846423,-0.5129860847876521,-0.6328365321756877,-0.06421042520716432,0
0.8165947914369808,-0.34184352738944096,-0.07022853320595195,-0.5887818416513714,-0.5200137235885391,2.8047768909597517,-0.8147400426846423,-0.7182263186611135,-0.6328365321756877,-0.06421042520716432,0
0.8165947914369808,-0.027310902164185396,-0.07047739646722918,-0.5891657816788117,-0.5214347598396173,0.3922290681263429,-0.8147400426846423,-0.7230441645266877,-0.6328365321756877,-0.06421042520716432,0
0.8165947914369808,-0.38400003766004537,-0.06959043301784398,-0.5886656442241281,-0.5195836544513865,-0.6246981804225072,-0.8147400426846423,-0.7374977021234104,-0.6328365321756877,-0.06421042520716432,0
0.8165947914369808,-0.28761139118371415,-0.06976620747137427,-0.5888933981602795,-0.5204266157901839,0.6104791156687295,-0.8147400426846423,-0.7124449036224245,-0.6328365321756877,-0.06421042520716432,0
0.8165947914369808,-0.017555371773754637,-0.07075542641839769,-0.5891717485737242,-0.5214568444709846,0.8829967426000339,-0.8147400426846423,-0.7220805953535729,-0.6328365321756877,-0.06421042520716432,0
0.8165947914369808,-0.3295286128442956,-0.06779689886022686,-0.5888103152549549,-0.5201191098996252,0.6317142554296103,-0.8147400426846423,-0.715335611141769,-0.6328365321756877,-0.06421042520716432,0
0.8165947914369808,-0.1867102169523368,-0.07025663924437964,-0.5890339865787978,-0.5209469607011712,0.24004389984003005,-0.8147400426846423,-0.7037727810643909,-0.6328365321756877,-0.06421042520716432,0
0.8165947914369808,-0.3704306716181326,-0.070320958672703,-0.5887066448176506,-0.5197354055733548,0.6812629148716657,-0.8147400426846423,0.05455615817699018,-0.6328365321756877,-0.06421042520716432,0
0.8165947914369808,-0.36474531015238804,-0.06968592268592555,-0.5887227310079589,-0.5197949436731228,1.8385780318396727,-0.8147400426846423,-0.7172627494879987,-0.6328365321756877,-0.06421042520716432,0
0.8165947914369808,-0.07572301422784343,-0.07039173797701853,-0.589133260357007,-0.5213143921411709,-0.006519667383531059,-0.8147400426846423,-0.7268984412191472,-0.6328365321756877,-0.06421042520716432,0
0.8165947914369808,-0.3032276469172672,-0.06992972848589271,-0.5888646802974561,-0.5203203254298606,2.2278889274558216,-0.8147400426846423,-0.7182263186611135,-0.6328365321756877,-0.06421042520716432,0
0.8165947914369808,-0.37604630004666345,-0.06953995499520646,-0.5886901398979794,-0.5196743176748945,2.0355929396211785,-0.8147400426846423,-0.7162991803148838,-0.6328365321756877,-0.06421042520716432,0
0.8165947914369808,-0.22271705991474103,-0.07079669295485452,-0.5889911365967588,-0.520788364634978,-0.6246981804225072,-0.8147400426846423,-0.7374977021234104,-0.6328365321756877,-0.06421042520716432,0
0.8165947914369808,-0.19313028491211562,-0.0706487121031168,-0.5890211455420723,-0.5208994335412697,1.4669630860242575,-0.8147400426846423,-0.7162991803148838,-0.6328365321756877,-0.06421042520716432,0
0.8165947914369808,-0.23616114736002566,-0.06999705106602963,-0.5889670596522704,-0.5206992512101626,1.9600902204713797,-0.8147400426846423,-0.7124449036224245,-0.6328365321756877,-0.06421042520716432,0
0.8165947914369808,-0.14382022703882663,-0.07052518539141285,-0.5890721956428158,-0.5210883798318565,0.7225534644067119,-0.8147400426846423,-0.715335611141769,-0.6328365321756877,-0.06421042520716432,0
0.8165947914369808,0.048954746435807626,-0.07052062654086272,-0.5892043396840179,-0.521577470469213,1.5271293153467533,-0.8147400426846423,-0.721117026180458,-0.6328365321756877,-0.06421042520716432,0
0.8165947914369808,-0.2261126156671171,-0.07039969274170363,-0.5889806334660875,-0.520749490517776,0.21880876007914918,-0.8147400426846423,-0.7162991803148838,-0.6328365321756877,-0.06421042520716432,0
0.8165947914369808,-0.19817478492594617,-0.070405308872431,-0.5890153182235094,-0.5208778655094665,1.2628697983224582,-0.8147400426846423,-0.7259348720460322,-0.6328365321756877,-0.06421042520716432,0
0.8165947914369808,-0.2225687421422255,-0.07046796117043048,-0.5889852743841085,-0.5207666674532838,1.7878496424109016,-0.8147400426846423,-0.7056999194106206,-0.6328365321756877,-0.06421042520716432,0
0.8165947914369808,-0.31230614184731215,-0.070344833135354,-0.5888392424823028,-0.5202261751592947,1.632125284164442,-0.8147400426846423,-0.7162991803148838,-0.6328365321756877,-0.06421042520716432,0
0.8165947914369808,-0.27871046089897544,-0.070103690042018,-0.5889018076438225,-0.5204577409139237,1.7512780128227179,-0.8147400426846423,-0.6989549351988167,-0.6328365321756877,-0.06421042520716432,0
0.8165947914369808,-0.2571048576607753,-0.07045027999028612,-0.588936631977594,-0.5205866325051784,0.9207481021749332,-0.8147400426846423,-0.7172627494879987,-0.6328365321756877,-0.06421042520716432,0
0.8165947914369808,-0.26072887439624765,-0.07004161912669991,-0.588931048918271,-0.5205659685226126,0.5125615267713344,-0.8147400426846423,-0.697027796852587,-0.6328365321756877,-0.06421042520716432,0
0.8165947914369808,-0.2448433319795911,-0.07063682280694224,-0.5889548118153448,-0.5206539195984087,2.5110241242675664,-0.8147400426846423,-0.7124449036224245,-0.6328365321756877,-0.06421042520716432,0
0.8165947914369808,-0.30012499328500336,-0.06974062368320556,-0.5888632496386165,-0.520315030284328,0.7378899542340147,-0.8147400426846423,-0.7230441645266877,-0.6328365321756877,-0.06421042520716432,0
0.8165947914369808,-0.008622356109545525,-0.07064270552686329,-0.5891729698680395,-0.5214613647171709,0.3391412187241407,-0.8147400426846423,-0.721117026180458,-0.6328365321756877,-0.06421042520716432,0
0.8165947914369808,-0.2341576361758304,-0.0699988260706739,-0.5889698162880015,-0.5207094540515546,1.2534319584287335,-0.8147400426846423,-0.7076270577568503,-0.6328365321756877,-0.06421042520716432,0
0.8165947914369808,-0.2258745864801746,-0.07058762213483818,-0.5889809475131882,-0.5207506528667952,0.8877156625468963,-0.8147400426846423,-0.7172627494879987,-0.6328365321756877,-0.06421042520716432,0
0.8165947914369808,-0.24036079268812802,-0.07054708166846146,-0.5889611974399341,-0.5206775540284684,0.8157521333572445,-0.8147400426846423,-0.7162991803148838,-0.6328365321756877,-0.06421042520716432,0
0.8165947914369808,-0.2993726513945315,-0.0697632779703488,-0.5888646802974561,-0.5203203254298606,3.767436560119684,-0.8147400426846423,-0.7143720419686542,-0.6328365321756877,-0.06421042520716432,0
0.8165947914369808,-0.01877091379697219,-0.07053592234683907,-0.5891668633967774,-0.5214387634862394,-0.6258779104092228,-0.8147400426846423,-0.7384612712965253,-0.6328365321756877,-0.06421042520716432,0
0.8165947914369808,0.03069833100113849,-0.07059333470077558,-0.5891949531650855,-0.5215427291485241,1.3006211578973574,-0.8147400426846423,-0.7249713028729174,-0.6328365321756877,-0.06421042520716432,0
0.8165947914369808,-0.34468218724220023,-0.07034635910394799,-0.5887666278138761,-0.5199574142360471,0.3391412187241407,-0.8147400426846423,-0.6835378284289793,-0.6328365321756877,-0.06421042520716432,0
0.8165947914369808,-0.2920973634199799,-0.06988153348840473,-0.5888782192168718,-0.5203704355875829,1.290003588016917,-0.8147400426846423,-0.7085906269299651,-0.6328365321756877,-0.06421042520716432,0
0.8165947914369808,-0.39088217187043695,-0.06956504659236544,-0.5886335765254596,-0.5194649657015238,1.6840334035799285,-0.8147400426846423,-0.6854649667752089,-0.6328365321756877,-0.06421042520716432,0
0.8165947914369808,-0.3391156886247669,-0.06955301454796602,-0.5887801318392044,-0.5200073952438784,1.9636294104315266,-0.8147400426846423,-0.6796835517365198,-0.6328365321756877,-0.06421042520716432,0
0.8165947914369808,-0.38998638287203646,-0.06961169326813825,-0.5886365774201165,-0.5194760725921529,2.3918713956092907,-0.8147400426846423,-0.5129860847876521,-0.6328365321756877,-0.06421042520716432,0
0.8165947914369808,-0.38963063154976335,-0.0706365373749948,-0.5886377638203444,-0.5194804636884481,0.45475475742226984,-0.8147400426846423,-0.7201534570073432,-0.6328365321756877,-0.06421042520716432,0
0.8165947914369808,-0.5478827693685215,-0.06066565681499561,-0.5874135035394055,-0.5149492397614215,-0.6246981804225072,-0.8147400426846423,-0.7374977021234104,-0.6328365321756877,-0.06421042520716432,0
0.8165947914369808,-0.42823304745622787,-0.06905986642009225,-0.5884884518708685,-0.5189278313047017,1.5802171647489556,-0.8147400426846423,0.979582564367239,-0.6328365321756877,-0.06421042520716432,0
2.074338493190491,-0.6673100870307648,5.665513230187456,0.3091994306620818,3.9124200938869302,1.2498927684685865,-0.8147400426846423,-0.4484269501889576,2.5349831202669786,6.508440043915071,0
0.8165947914369808,-0.4214016212529088,-0.0690969364924085,-0.5885182863454309,-0.5190382544615381,3.610532471886509,-0.8147400426846423,-0.7143720419686542,-0.6328365321756877,-0.06421042520716432,0
0.8165947914369808,-0.48598294602050046,-0.06870825585581236,-0.5881465243667413,-0.5176622915224318,2.8861782600431285,-0.8147400426846423,1.6627531081056623,-0.6328365321756877,-0.06421042520716432,0
0.8165947914369808,-0.42393922438126863,-0.06868601534990333,-0.5885073993794842,-0.5189979596955346,3.1693134568548733,-0.8147400426846423,1.1790413832020115,-0.6328365321756877,-0.06421042520716432,0
0.8165947914369808,-0.5276230230531636,-0.06552470050654347,-0.5877248288987332,-0.516101515089252,0.7225534644067119,-0.8147400426846423,-0.6729385675247159,-0.6328365321756877,-0.06421042520716432,0
0.8165947914369808,-0.4890050683188176,-0.07011201257983106,-0.5881376263653467,-0.5176293583002175,-0.6258779104092228,-0.8147400426846423,-0.7384612712965253,-0.6328365321756877,-0.06421042520716432,0
0.8165947914369808,-0.39235378493177153,-0.07048018107322948,-0.5886383919145457,-0.5194827883864869,1.5212306654131753,-0.8147400426846423,-0.7191898878342284,-0.6328365321756877,-0.06421042520716432,0
1.4454666423137361,-0.12580986568646474,-0.07044187164825993,-0.5887467137383171,-0.5195478799315694,2.408387615423309,-0.8147400426846423,-0.7124449036224245,-0.6328365321756877,-0.06421042520716432,1
0.8165947914369808,0.026212775716731546,-0.07050688410109089,-0.589196453612414,-0.5215482825938387,1.4421887563032298,-0.8147400426846423,-0.7201534570073432,-0.6328365321756877,-0.06421042520716432,0
1.4454666423137361,-0.10524580579884386,-0.06955510735481554,-0.5887765796175897,-0.5196707014779454,3.5940162520724903,-0.8147400426846423,-0.70955419610308,-0.6328365321756877,-0.06421042520716432,1
0.8165947914369808,-0.09019718926752746,-0.07022700135813315,-0.5891224780730084,-0.5212744848248406,1.0186656910723282,-0.8147400426846423,-0.715335611141769,-0.6328365321756877,-0.06421042520716432,0
0.8165947914369808,0.014026020803674858,-0.07085010501625646,-0.5891898935173876,-0.5215240024143237,1.0859103003151176,-0.8147400426846423,-0.7307527179116065,-0.6328365321756877,-0.06421042520716432,0
1.4454666423137361,-0.049952210500724875,-0.06971892640908367,-0.5888470203822671,-0.519960384683541,2.729274171809953,-0.8147400426846423,-0.6825742592558643,-0.6328365321756877,-0.06421042520716432,1
-1.070020761193285,-0.6675247233333842,-0.07121049599408058,1.4466883927976244,1.151885213087827,-0.6270576403959385,-0.8147400426846423,0.33110051086095,1.479043236119423,-0.06421042520716432,0
0.8165947914369808,0.090131458623532,-0.07042344271058783,-0.5892274046987154,-0.5216628385471883,1.0776521904081084,-0.8147400426846423,-0.7230441645266877,-0.6328365321756877,-0.06421042520716432,0
0.8165947914369808,-0.3894160542454073,-0.06927081462163734,-0.5886481622687535,-0.5195189503559772,-0.6258779104092228,-0.8147400426846423,-0.7384612712965253,-0.6328365321756877,-0.06421042520716432,0
0.8165947914369808,-0.34876080129446063,-0.06923684458394203,-0.5887648831079358,-0.5199509567414953,2.3387835462070883,-0.8147400426846423,-0.7008820735450464,-0.6328365321756877,-0.06421042520716432,0
1.4454666423137361,-0.16652132844852843,-0.06957287703309206,-0.5886803555859482,-0.5192749862118086,3.681316271089445,-0.8147400426846423,-0.7105177652761948,-0.6328365321756877,-0.06421042520716432,1
0.8165947914369808,-0.18871132228880183,-0.07056695086879179,-0.5890148994941465,-0.5208763157107741,-0.6246981804225072,-0.8147400426846423,-0.7374977021234104,-0.6328365321756877,-0.06421042520716432,0
0.8165947914369808,-0.063066070838877,-0.0706211921327121,-0.5891288985916852,-0.5212982484047913,1.0115873111520346,-0.8147400426846423,-0.715335611141769,-0.6328365321756877,-0.06421042520716432,0
0.8165947914369808,-0.2984643425328051,-0.06956774622888809,-0.5888518043663291,-0.520272669120068,1.3324738675386787,-0.8147400426846423,-0.6951006585063573,-0.6328365321756877,-0.06421042520716432,0
0.8165947914369808,-0.2471756072345464,-0.06994304519564612,-0.5889386209427743,-0.5205939940489676,2.515743044214429,-0.8147400426846423,-0.715335611141769,-0.6328365321756877,-0.06421042520716432,0
1.4454666423137361,-0.13843130217449656,-0.06925125035602143,-0.5887157800989024,-0.5194206672888981,3.384024314437113,-0.8147400426846423,-0.7056999194106206,-0.6328365321756877,-0.06421042520716432,1
0.8165947914369808,-0.08496326521471599,-0.07060503648737299,-0.5891310620273024,-0.5213062556980357,0.27189660948135136,-0.8147400426846423,-0.7201534570073432,-0.6328365321756877,-0.06421042520716432,0
0.8165947914369808,-0.26147220879127364,-0.07051257886613886,-0.588943157178533,-0.5206107835348024,0.7473277941277395,-0.8147400426846423,-0.7134084727955393,-0.6328365321756877,-0.06421042520716432,0
0.8165947914369808,-0.16708984755657594,-0.07050558577456317,-0.5890601222766412,-0.5210436939695577,2.224349737495675,-0.8147400426846423,-0.7085906269299651,-0.6328365321756877,-0.06421042520716432,0
0.8165947914369808,-0.24879705598310498,-0.06972602970999987,-0.5889619302163976,-0.5206802661761802,1.8291401919459478,-0.8147400426846423,-0.7056999194106206,-0.6328365321756877,-0.06421042520716432,0
0.8165947914369808,-0.25922082852607436,-0.07003835184393263,-0.5889465768025528,-0.520623440224124,1.5389266152139094,-0.8147400426846423,-0.7143720419686542,-0.6328365321756877,-0.06421042520716432,0
0.8165947914369808,-0.15595094121389608,-0.07069294342303876,-0.5890710790310768,-0.5210842470353434,0.6482304752436289,-0.8147400426846423,-0.7220805953535729,-0.6328365321756877,-0.06421042520716432,0
0.8165947914369808,-0.17329301911989406,-0.07069525010342217,-0.5890538064405407,-0.5210203178392802,0.844065653038419,-0.8147400426846423,-0.7240077336998026,-0.6328365321756877,-0.06421042520716432,0
0.8165947914369808,-0.21039092058869097,-0.07029752736999392,-0.5890124569055162,-0.5208672752184015,0.2506614697204705,-0.8147400426846423,-0.7143720419686542,-0.6328365321756877,-0.06421042520716432,0
0.8165947914369808,-0.22924151287611422,-0.06970259611021325,-0.5889887637963032,-0.5207795824423875,0.6458710152701976,-0.8147400426846423,-0.70955419610308,-0.6328365321756877,-0.06421042520716432,0
0.8165947914369808,-0.3843919467048143,-0.06997600118027021,-0.5886739141310074,-0.5196142629755623,1.50117525563901,-0.8147400426846423,-0.7066634885837354,-0.6328365321756877,-0.06421042520716432,0
0.8165947914369808,-0.3404560016778922,-0.07004827646241561,-0.5887933916056068,-0.5200564722024724,3.6317676116473896,-0.8147400426846423,-0.7105177652761948,-0.6328365321756877,-0.06421042520716432,0
0.8165947914369808,-0.44150272016463976,-0.06833605491894174,-0.5884372621934614,-0.5187383684145506,-0.6235184504357916,-0.8147400426846423,-0.7365341329502956,-0.6328365321756877,-0.06421042520716432,0
0.8165947914369808,-0.46344089391526394,-0.07001816969244169,-0.5883162144833586,-0.5182903474425439,5.596018039528869,-0.8147400426846423,-0.6854649667752089,-0.6328365321756877,-0.06421042520716432,0
0.8165947914369808,-0.2567596131085467,-0.06945569791140206,-0.5889437154845595,-0.520612849933059,0.6824426448583814,-0.8147400426846423,-0.7018456427181612,-0.6328365321756877,-0.06421042520716432,0
0.8165947914369808,-0.3812177652590368,-0.06951093131627648,-0.5886743677544577,-0.5196159419241457,1.082371110354971,-0.8147400426846423,-0.6999185043719315,-0.6328365321756877,-0.06421042520716432,0
2.074338493190491,-0.6674006368741724,10.00532797670061,0.9487765286771606,7.068684705610634,1.9187996709363337,-0.8147400426846423,-0.7105177652761948,2.5349831202669786,6.388937308112848,0
0.8165947914369808,-0.22746704233226434,-0.07054324955777026,-0.5889849603370079,-0.5207655051042644,0.8924345824937587,-0.8147400426846423,-0.7172627494879987,-0.6328365321756877,-0.06421042520716432,0
0.8165947914369808,-0.14923039622555925,-0.07058348741574451,-0.5890722654309907,-0.5210886381316386,1.602632034496552,-0.8147400426846423,-0.7114813344493096,-0.6328365321756877,-0.06421042520716432,0
0.8165947914369808,0.03918548526956732,-0.07066699647132303,-0.5892031881778773,-0.5215732085228088,0.4972250369440316,-0.8147400426846423,-0.727862010392262,-0.6328365321756877,-0.06421042520716432,0
0.8165947914369808,-0.22287975488509812,-0.07034866648819628,-0.5889909272319204,-0.5207875897356318,0.427620967727811,-0.8147400426846423,-0.7191898878342284,-0.6328365321756877,-0.06421042520716432,0
0.8165947914369808,0.1711502295154683,-0.07074452550960443,-0.5892598562325652,-0.5217829479458526,-0.05134940687872399,-0.8147400426846423,-0.7240077336998026,-0.6328365321756877,-0.06421042520716432,0
0.8165947914369808,0.13348077442134712,-0.07056930020938265,-0.5892455845364661,-0.5217301256404184,1.3277549475918164,-0.8147400426846423,-0.7201534570073432,-0.6328365321756877,-0.06421042520716432,0
0.8165947914369808,-0.054947578580878065,-0.07051866560604539,-0.589152242759396,-0.521384649681895,0.662387235084216,-0.8147400426846423,-0.715335611141769,-0.6328365321756877,-0.06421042520716432,0
0.8165947914369808,-0.31346637353155016,-0.0702405880077781,-0.5888520835193424,-0.5202737023191963,2.971118819086652,-0.8147400426846423,-0.7124449036224245,-0.6328365321756877,-0.06421042520716432,0
0.8165947914369808,-0.07815997511887864,-0.07021722974939883,-0.5891360518865115,-0.5213247241324539,1.3572481972597064,-0.8147400426846423,-0.715335611141769,-0.6328365321756877,-0.06421042520716432,0
0.8165947914369808,-0.3735266240343916,-0.06867485760134055,-0.5887067843943142,-0.519735922172919,-0.07494400661303606,-0.8147400426846423,-0.5322574682499489,-0.6328365321756877,-0.06421042520716432,0
0.8165947914369808,-0.3250106586174922,-0.06974105872406994,-0.5888281112574302,-0.520184976344054,0.4040263679934989,-0.8147400426846423,-0.6941370893332425,-0.6328365321756877,-0.06421042520716432,0
0.8165947914369808,-0.08753827753862574,-0.07037250472631347,-0.589129142850297,-0.5212991524540286,0.8688399827594466,-0.8147400426846423,-0.7143720419686542,-0.6328365321756877,-0.06421042520716432,0
0.8165947914369808,-0.038118535932696866,-0.07033440931955698,-0.5891632344079191,-0.5214253318975716,0.9879927114177226,-0.8147400426846423,-0.7249713028729174,-0.6328365321756877,-0.06421042520716432,0
0.8165947914369808,-0.18450676299548446,-0.07017457524204476,-0.5890419773329779,-0.5209765360262186,0.6423318253100508,-0.8147400426846423,-0.7076270577568503,-0.6328365321756877,-0.06421042520716432,0
0.8165947914369808,-0.06772657301021047,-0.07046325057467506,-0.589143484334665,-0.5213522330592447,1.3560684672729908,-0.8147400426846423,-0.7230441645266877,-0.6328365321756877,-0.06421042520716432,0
0.8165947914369808,-0.17878225131704756,-0.07052323380351797,-0.58904808380424,-0.5209991372571501,1.575498244802093,-0.8147400426846423,-0.721117026180458,-0.6328365321756877,-0.06421042520716432,0
0.8165947914369808,-0.2835517867246508,-0.07066046540856738,-0.5889074953857217,-0.5204787923461628,0.4004871780333521,-0.8147400426846423,-0.47251617951682867,-0.6328365321756877,-0.06421042520716432,0
0.8165947914369808,-0.21472190343677666,-0.07042137404077999,-0.5890071878929797,-0.5208477735848549,0.7272723843535742,-0.8147400426846423,-0.7182263186611135,-0.6328365321756877,-0.06421042520716432,0
0.8165947914369808,-0.20333411766510465,-0.07064490082504687,-0.5890208314949716,-0.5208982711922503,1.3124184577645135,-0.8147400426846423,-0.7143720419686542,-0.6328365321756877,-0.06421042520716432,0
0.8165947914369808,-0.21423841333210203,-0.07063543742988286,-0.5890077810930937,-0.5208499691330025,1.078831920394824,-0.8147400426846423,-0.7105177652761948,-0.6328365321756877,-0.06421042520716432,0
0.8165947914369808,0.04320714031722365,-0.07065376709953142,-0.5892090154964403,-0.5215947765546118,1.0658548905409524,-0.8147400426846423,-0.7220805953535729,-0.6328365321756877,-0.06421042520716432,0
0.8165947914369808,-0.2068601410656668,-0.07035627036230939,-0.5890166790941743,-0.520882902355217,1.7312226030485527,-0.8147400426846423,-0.7191898878342284,-0.6328365321756877,-0.06421042520716432,0
0.8165947914369808,-0.2604415021754179,-0.06943953957363674,-0.5889447274140363,-0.520616595279899,-0.6258779104092228,-0.8147400426846423,-0.7384612712965253,-0.6328365321756877,-0.06421042520716432,0
0.8165947914369808,0.0006948453419545808,-0.07042531365196446,-0.5891864738933678,-0.5215113457250021,0.1586425307566534,-0.8147400426846423,-0.7191898878342284,-0.6328365321756877,-0.06421042520716432,0
0.8165947914369808,-0.08150999806108275,-0.07027402700754184,-0.589133609298195,-0.5213156836400813,0.975015681563851,-0.8147400426846423,-0.7162991803148838,-0.6328365321756877,-0.06421042520716432,0
0.8165947914369808,-0.33361590253629714,-0.07003910267293859,-0.5888091637491285,-0.520114847953221,2.6443336127664296,-0.8147400426846423,-0.7143720419686542,-0.6328365321756877,-0.06421042520716432,0
0.8165947914369808,-0.25861932684336814,-0.07002584080256877,-0.5889474840497674,-0.520626798121291,2.142948368412298,-0.8147400426846423,-0.7114813344493096,-0.6328365321756877,-0.06421042520716432,0
0.8165947914369808,-0.12811435289843448,-0.07067604829288557,-0.5890964819518286,-0.5211782681560182,1.0469792107535028,-0.8147400426846423,-0.7134084727955393,-0.6328365321756877,-0.06421042520716432,0
0.8165947914369808,-0.08419490367414781,-0.07040298205601368,-0.5891270143090812,-0.5212912743106753,1.5224103953998909,-0.8147400426846423,-0.7134084727955393,-0.6328365321756877,-0.06421042520716432,0
0.8165947914369808,-0.28006357773942,-0.06938687940755002,-0.5889064485618435,-0.5204749178494317,1.6852131335666443,-0.8147400426846423,-0.7028092118912761,-0.6328365321756877,-0.06421042520716432,0
0.8165947914369808,-0.05324511559217065,-0.07061028288427704,-0.5891489976061273,-0.5213726387420285,-0.6270576403959385,-0.8147400426846423,-0.7394248404696401,-0.6328365321756877,-0.06421042520716432,0
0.8165947914369808,-0.30554179213750515,-0.069724455359093,-0.5888602138498721,-0.5203037942438079,2.542876833908888,-0.8147400426846423,-0.7114813344493096,-0.6328365321756877,-0.06421042520716432,0
2.074338493190491,-0.6674192211171954,14.981396358278232,1.2197554979316243,8.405945426019763,1.5766779747888087,-0.8147400426846423,-0.7124449036224245,2.5349831202669786,6.388937308112848,0
0.8165947914369808,-0.26261986801079906,-0.07060918067119752,-0.5889347476949901,-0.5205796584110625,0.9596791917365481,-0.8147400426846423,-0.7162991803148838,-0.6328365321756877,-0.06421042520716432,0
0.8165947914369808,-0.3419598213373004,-0.07016950136655112,-0.5887815624983581,-0.5200126903894109,0.7107561645395558,-0.8147400426846423,0.35326260184259134,-0.6328365321756877,-0.06421042520716432,0
0.8165947914369808,0.01767547067631798,-0.07054937290909989,-0.5891918824822536,-0.5215313639581128,0.6588480451240692,-0.8147400426846423,-0.7230441645266877,-0.6328365321756877,-0.06421042520716432,0
0.8165947914369808,-0.3052181435612646,-0.07041337753994334,-0.5888608419440734,-0.5203061189418465,0.4181831278340862,-0.8147400426846423,-0.7134084727955393,-0.6328365321756877,-0.06421042520716432,0
0.8165947914369808,-0.2875718107047987,-0.06987115048880863,-0.5888934679484543,-0.5204268740899659,2.3281659763266482,-0.8147400426846423,-0.7143720419686542,-0.6328365321756877,-0.06421042520716432,0
0.8165947914369808,-0.04818566721356855,-0.0707183460036965,-0.5891523823357456,-0.5213851662814591,1.0693940805010993,-0.8147400426846423,-0.7220805953535729,-0.6328365321756877,-0.06421042520716432,0
2.074338493190491,-0.667461106900902,25.057934830972922,2.411031621043866,14.284803005253991,0.7744615838221983,-0.8147400426846423,-0.7172627494879987,2.5349831202669786,6.388937308112848,0
0.8165947914369808,-0.2974234414362831,-0.07016801296167532,-0.5888756370518916,-0.5203608784956462,1.399718476781468,-0.8147400426846423,-0.6806471209096346,-0.6328365321756877,-0.06421042520716432,0
0.8165947914369808,-0.23567415692828755,-0.07028927571565295,-0.5889739686884848,-0.5207248228885879,0.7768210437956296,-0.8147400426846423,-0.6382500772925817,-0.6328365321756877,-0.06421042520716432,0
0.8165947914369808,-0.16926964671221215,-0.07037782262384651,-0.5890525153577366,-0.5210155392933118,1.5377468852271938,-0.8147400426846423,-0.715335611141769,-0.6328365321756877,-0.06421042520716432,0
0.8165947914369808,0.24501825982003364,-0.07061368441085732,-0.589284421694654,-0.5218738694691425,0.07488170169984558,-0.8147400426846423,-0.7240077336998026,-0.6328365321756877,-0.06421042520716432,0
0.8165947914369808,-0.2515117155339806,-0.07023476982628214,-0.5889515317679885,-0.5206417795086512,1.3655063071667157,-0.8147400426846423,-0.715335611141769,-0.6328365321756877,-0.06421042520716432,0
0.8165947914369808,0.1113280330144569,-0.07078030179375393,-0.5892365469587219,-0.5216966758186399,-0.037192647038136746,-0.8147400426846423,-0.7240077336998026,-0.6328365321756877,-0.06421042520716432,0
0.8165947914369808,-0.047448546960370194,-0.07074439254240178,-0.5891528708535974,-0.5213869743799336,1.088269760288549,-0.8147400426846423,-0.6941370893332425,-0.6328365321756877,-0.06421042520716432,0
0.8165947914369808,-0.15856121306171203,-0.07010700812671142,-0.5890632627476478,-0.5210553174597511,1.239275198588146,-0.8147400426846423,-0.7172627494879987,-0.6328365321756877,-0.06421042520716432,0
0.8165947914369808,-0.3920524042631012,-0.06863904053787526,-0.5886394038440225,-0.5194865337333269,-0.6246981804225072,-0.8147400426846423,-0.7374977021234104,-0.6328365321756877,-0.06421042520716432,0
0.8165947914369808,-0.4356835210886381,-0.06709158333931776,-0.5884655264325205,-0.5188429798262905,0.4571142173957011,-0.8147400426846423,-0.6507764765430746,-0.6328365321756877,-0.06421042520716432,0
0.8165947914369808,-0.42864491511892167,-0.06893048708714986,-0.5884978732838883,-0.5189627017752816,2.12643214859828,-0.8147400426846423,-0.7191898878342284,-0.6328365321756877,-0.06421042520716432,0
0.8165947914369808,-0.2634722049833086,-0.07002824067762208,-0.5889334217184126,-0.5205747507152031,2.1960362178145005,-0.8147400426846423,-0.715335611141769,-0.6328365321756877,-0.06421042520716432,0
0.8165947914369808,-0.13874727905265227,-0.070829679631744,-0.5890820008911111,-0.5211246709512378,0.3344222987772783,-0.8147400426846423,-0.7240077336998026,-0.6328365321756877,-0.06421042520716432,0
0.8165947914369808,-0.02135568844429951,-0.07068231480091308,-0.5891694455617574,-0.5214483205781761,0.5927831658679954,-0.8147400426846423,-0.7297891487384917,-0.6328365321756877,-0.06421042520716432,0
0.8165947914369808,-0.24135142113799216,-0.06974372083668291,-0.5889661175109684,-0.5206957641631046,1.3360130574988256,-0.8147400426846423,-0.715335611141769,-0.6328365321756877,-0.06421042520716432,0
0.8165947914369808,-0.271565977290952,-0.06987157010012895,-0.5889205457872857,-0.5205270944054106,3.0206674785287073,-0.8147400426846423,-0.7162991803148838,-0.6328365321756877,-0.06421042520716432,0
0.8165947914369808,-0.18219928140229255,-0.07042659896109729,-0.5890389066501461,-0.5209651708358074,2.4720930347059515,-0.8147400426846423,-0.715335611141769,-0.6328365321756877,-0.06421042520716432,0
0.8165947914369808,0.04630930151097219,-0.07057265837568487,-0.5892067822726482,-0.5215865109615855,1.5884752746559647,-0.8147400426846423,-0.7249713028729174,-0.6328365321756877,-0.06421042520716432,0
0.8165947914369808,-0.30348219668314036,-0.0699369308472682,-0.5888641917799184,-0.520318517331386,1.6215077142840015,-0.8147400426846423,-0.7114813344493096,-0.6328365321756877,-0.06421042520716432,0
0.8165947914369808,-0.26962193230262876,-0.07039540535123391,-0.5889236862582923,-0.5205387178956038,1.082371110354971,-0.8147400426846423,-0.7249713028729174,-0.6328365321756877,-0.06421042520716432,0
0.8165947914369808,-0.27596599106544356,-0.06888133091104928,-0.5889133227039706,-0.5205003603779659,0.6175574955890232,-0.8147400426846423,-0.7162991803148838,-0.6328365321756877,-0.06421042520716432,0
0.8165947914369808,-0.45495970428905447,-0.07030771829708256,-0.5883659735016121,-0.5184745151871624,2.437880865091199,-0.8147400426846423,-0.7085906269299651,-0.6328365321756877,-0.06421042520716432,0
0.8165947914369808,-0.2787210950238084,-0.07055626060008317,-0.588908716680037,-0.520483312592349,0.48306827710344435,-0.8147400426846423,-0.7124449036224245,-0.6328365321756877,-0.06421042520716432,0
0.8165947914369808,-0.25459695706520236,-0.07035436268572993,-0.5889469606378284,-0.5206248608729254,0.48660746706359115,-0.8147400426846423,-0.7162991803148838,-0.6328365321756877,-0.06421042520716432,0
0.8165947914369808,-0.21946550190608782,-0.06957200257988724,-0.5889952889972421,-0.5208037334720114,0.9738359515771353,-0.8147400426846423,-0.7143720419686542,-0.6328365321756877,-0.06421042520716432,0
0.8165947914369808,-0.26622872528129,-0.07069351735866064,-0.5889290948471783,-0.5205587361287145,1.4115157766486242,-0.8147400426846423,-0.715335611141769,-0.6328365321756877,-0.06421042520716432,0
0.8165947914369808,-0.208409971270073,-0.07015565752072575,-0.5890089674933215,-0.5208543602292978,0.27779525941492933,-0.8147400426846423,-0.697027796852587,-0.6328365321756877,-0.06421042520716432,0
0.8165947914369808,-0.2948707579572802,-0.070255918492597,-0.5888803477584015,-0.5203783137309361,2.5169227742011446,-0.8147400426846423,-0.7114813344493096,-0.6328365321756877,-0.06421042520716432,0
0.8165947914369808,0.07965373010186956,-0.07075708422244978,-0.5892226939922056,-0.5216454033118983,1.2168603288405497,-0.8147400426846423,-0.721117026180458,-0.6328365321756877,-0.06421042520716432,0
0.8165947914369808,-0.03981766106817694,-0.07099294322485274,-0.5891578607131205,-0.5214054428143519,0.20111281027841513,-0.8147400426846423,-0.7288255795653769,-0.6328365321756877,-0.06421042520716432,0
0.8165947914369808,-0.3121207344625809,-0.06979127389895735,-0.5888471983423955,-0.5202556213344511,1.3961792868213214,-0.8147400426846423,-0.7076270577568503,-0.6328365321756877,-0.06421042520716432,0
0.8165947914369808,0.16001737599855062,-0.07059209373208188,-0.5892557736202566,-0.5217678374086012,-0.0206764272241183,-0.8147400426846423,-0.721117026180458,-0.6328365321756877,-0.06421042520716432,0
0.8165947914369808,0.05215520391449343,-0.07046745453949232,-0.589209678484729,-0.5215972304025416,0.5573912662665274,-0.8147400426846423,-0.7191898878342284,-0.6328365321756877,-0.06421042520716432,0
0.8165947914369808,-0.29368657747522664,-0.06990551639078192,-0.5888825111940187,-0.5203863210241804,2.501586284373842,-0.8147400426846423,-0.7172627494879987,-0.6328365321756877,-0.06421042520716432,0
0.8165947914369808,-0.3498713802411214,-0.06988470942113068,-0.5887620915781173,-0.5199406247502123,3.8594554990835013,-0.8147400426846423,-0.7162991803148838,-0.6328365321756877,-0.06421042520716432,0
0.8165947914369808,0.0001753925605722797,-0.07028688492876654,-0.5891821470221333,-0.5214953311385135,0.3556574385381592,-0.8147400426846423,-0.721117026180458,-0.6328365321756877,-0.06421042520716432,0
0.8165947914369808,0.06208976735094084,-0.07064123902377928,-0.589214493873501,-0.5216150530875047,1.4268522664759271,-0.8147400426846423,-0.7259348720460322,-0.6328365321756877,-0.06421042520716432,0
-1.070020761193285,-0.6675247233333842,-0.07121049599408058,1.3970618848339853,1.1110680357750964,-0.6270576403959385,-0.8147400426846423,1.7398386419548497,1.479043236119423,-0.06421042520716432,0
0.8165947914369808,-0.21789113545096025,-0.06996593180671398,-0.5889972779624223,-0.5208110950158005,1.682853673593213,-0.8147400426846423,-0.7162991803148838,-0.6328365321756877,-0.06421042520716432,0
0.8165947914369808,-0.2502026005447817,-0.0703235315065631,-0.5889534509446799,-0.5206488827526582,0.6187372255757387,-0.8147400426846423,-0.7143720419686542,-0.6328365321756877,-0.06421042520716432,0
0.8165947914369808,-0.27736927720220567,-0.07040202773753335,-0.5889109847979164,-0.5204917073352664,1.4575252461305328,-0.8147400426846423,-0.7143720419686542,-0.6328365321756877,-0.06421042520716432,0
0.8165947914369808,0.05744854630865031,-0.07045666604941392,-0.589212260649709,-0.5216067874944783,0.439418267594967,-0.8147400426846423,-0.7201534570073432,-0.6328365321756877,-0.06421042520716432,0
0.8165947914369808,-0.3107299249271088,-0.0697137477817525,-0.588849989872214,-0.5202659533257341,3.517333802935976,-0.8147400426846423,-0.7124449036224245,-0.6328365321756877,-0.06421042520716432,0
0.8165947914369808,-0.3675594303582982,-0.07013311344603305,-0.5887148449363551,-0.5197657557977485,0.6529493951904912,-0.8147400426846423,-0.7249713028729174,-0.6328365321756877,-0.06421042520716432,0
0.8165947914369808,-0.15051621300694956,-0.07040108394405965,-0.5890710441366754,-0.5210841178854523,1.6368442041113045,-0.8147400426846423,-0.721117026180458,-0.6328365321756877,-0.06421042520716432,0
0.8165947914369808,0.3300075613023954,-0.07078040238267483,-0.5893081845919476,-0.5219618205449386,0.03948980209837747,-0.8147400426846423,-0.7259348720460322,-0.6328365321756877,-0.06421042520716432,0
0.8165947914369808,-0.2786589099961654,-0.07033526763599404,-0.5889088213622992,-0.5204837000420222,2.5735498135634933,-0.8147400426846423,-0.7143720419686542,-0.6328365321756877,-0.06421042520716432,0
0.8165947914369808,-0.29129549425569345,-0.07003012992284426,-0.5888868380652531,-0.520402335610669,2.0591875393554906,-0.8147400426846423,-0.7105177652761948,-0.6328365321756877,-0.06421042520716432,0
0.8165947914369808,-0.3063662729515134,-0.07034633046916249,-0.5888586087202814,-0.5202978533488202,2.708039032049072,-0.8147400426846423,-0.7134084727955393,-0.6328365321756877,-0.06421042520716432,0
2.074338493190491,-0.6672817440555745,4.843824362963407,0.19604747517745713,3.3540237505034205,3.175212106788451,-0.8147400426846423,-0.7076270577568503,2.5349831202669786,6.388937308112848,0
0.8165947914369808,-0.08776508059393096,-0.07014478405743764,-0.589124327461525,-0.5212813297690655,1.47168200597112,-0.8147400426846423,-0.7191898878342284,-0.6328365321756877,-0.06421042520716432,0
0.8165947914369808,0.10892365488122961,-0.07063726404500216,-0.5892355350292451,-0.5216929304717999,-0.03365345707798994,-0.8147400426846423,-0.7230441645266877,-0.6328365321756877,-0.06421042520716432,0
-1.070020761193285,-0.6675247233333842,-0.07121049599408058,2.802145356686116,2.271116895547077,-0.6270576403959385,-0.8147400426846423,1.3071960832262854,1.479043236119423,-0.06421042520716432,0
0.8165947914369808,-0.4568628684288878,-0.06621986869321098,-0.5883551563238402,-0.518434478720941,2.1335105285185736,-0.8147400426846423,-0.7201534570073432,-0.6328365321756877,-0.06421042520716432,0
0.8165947914369808,-0.2352902899138913,-0.07019884962011545,-0.588974492100424,-0.5207267601369534,1.4280319964626427,-0.8147400426846423,-0.7085906269299651,-0.6328365321756877,-0.06421042520716432,0
0.8165947914369808,-0.24244423714046506,-0.07043424411294166,-0.5889645821695525,-0.520690081567899,0.45593448740898546,-0.8147400426846423,-0.7143720419686542,-0.6328365321756877,-0.06421042520716432,0
0.8165947914369808,-0.2075123581265863,-0.07040326851956229,-0.589010049210973,-0.52085836387592,1.3183171076980915,-0.8147400426846423,-0.7143720419686542,-0.6328365321756877,-0.06421042520716432,0
0.8165947914369808,-0.2836322989167869,-0.07001253950432114,-0.5889003420905814,-0.5204523166185002,1.9541915705378017,-0.8147400426846423,-0.7172627494879987,-0.6328365321756877,-0.06421042520716432,0
0.8165947914369808,-0.2733207529956584,-0.06986293192905443,-0.5889176844692924,-0.5205165041143455,2.2856956968048863,-0.8147400426846423,-0.7114813344493096,-0.6328365321756877,-0.06421042520716432,0
0.8165947914369808,-0.4807540254671795,-0.06789817425339839,-0.5882006102562293,-0.5178624738535389,0.8169318633439601,-0.8147400426846423,-0.6854649667752089,-0.6328365321756877,-0.06421042520716432,0
-1.070020761193285,-0.6675247233333842,-0.07121049599408058,0.30537857661193313,0.21317227422572307,-0.6270576403959385,-0.8147400426846423,0.35229903266947654,1.479043236119423,-0.06421042520716432,0
0.8165947914369808,-0.32910519641783387,-0.07004339982583244,-0.5888112573962568,-0.5201225969466832,3.0159485585818446,-0.8147400426846423,-0.7047363502375057,-0.6328365321756877,-0.06421042520716432,0
0.8165947914369808,-0.1600484788755751,-0.07005762966279414,-0.5890617971944068,-0.5210498931643276,0.9325454020420892,-0.8147400426846423,-0.7182263186611135,-0.6328365321756877,-0.06421042520716432,0
0.8165947914369808,-0.2839754745711814,-0.0698627570924038,-0.5888997488904675,-0.5204501210703526,2.006099689953288,-0.8147400426846423,-0.7114813344493096,-0.6328365321756877,-0.06421042520716432,0
0.8165947914369808,-0.5468437824916541,-0.06854716756088658,-0.5874543296624909,-0.5151003451339345,4.551957001285561,-0.8147400426846423,2.431681308251307,-0.6328365321756877,-0.06421042520716432,0
0.8165947914369808,-0.2580969340959914,-0.0700664865955189,-0.588941691625606,-0.5206053592393788,3.1858296766688916,-0.8147400426846423,-0.7134084727955393,-0.6328365321756877,-0.06421042520716432,0
0.8165947914369808,-0.12132462878902887,-0.07089242046233492,-0.5890973543049558,-0.5211814969032941,0.38397095821933364,-0.8147400426846423,-0.7172627494879987,-0.6328365321756877,-0.06421042520716432,0
0.8165947914369808,-0.3272104386202528,-0.069523141797512,-0.5888154446911417,-0.5201380949336076,-0.6258779104092228,-0.8147400426846423,-0.7384612712965253,-0.6328365321756877,-0.06421042520716432,0
0.8165947914369808,-0.4703001589491146,-0.06869440812305558,-0.5882728410893805,-0.5181298141279851,3.663620321288711,-0.8147400426846423,-0.15935619825450487,-0.6328365321756877,-0.06421042520716432,0
0.8165947914369808,-0.4194562927598725,-0.06951126863213389,-0.5885373385363089,-0.5191087703020442,-0.6258779104092228,-0.8147400426846423,-0.7384612712965253,-0.6328365321756877,-0.06421042520716432,0
0.8165947914369808,-0.2768259145241069,-0.07016226603561254,-0.588911892045131,-0.5204950652324334,2.068625379249215,-0.8147400426846423,-0.7191898878342284,-0.6328365321756877,-0.06421042520716432,0
0.8165947914369808,-0.27145847325481215,-0.06956240750277684,-0.5889207202580368,-0.5205277401548657,1.6675171837659102,-0.8147400426846423,-0.6951006585063573,-0.6328365321756877,-0.06421042520716432,0
0.8165947914369808,0.019029876115667175,-0.07095153667109956,-0.5891926152590312,-0.5215340761058246,0.3285236488437003,-0.8147400426846423,-0.7259348720460322,-0.6328365321756877,-0.06421042520716432,0
0.8165947914369808,-0.2581658693133442,-0.06952863966824223,-0.5889415869430297,-0.5206049717897058,2.437880865091199,-0.8147400426846423,-0.70955419610308,-0.6328365321756877,-0.06421042520716432,0
0.8165947914369808,-0.1590224878602033,-0.07044547032038721,-0.5890628091238834,-0.5210536385111676,0.28015471938836056,-0.8147400426846423,-0.6989549351988167,-0.6328365321756877,-0.06421042520716432,0
0.8165947914369808,-0.364569246363967,-0.06806051977812513,-0.5887232195258106,-0.5197967517715973,0.6305345254428948,-0.8147400426846423,-0.7085906269299651,-0.6328365321756877,-0.06421042520716432,0
0.8165947914369808,-0.023011507548786978,-0.07048093865351623,-0.5891684336322807,-0.521444575231336,1.8409374918131038,-0.8147400426846423,-0.7143720419686542,-0.6328365321756877,-0.06421042520716432,0
0.8165947914369808,0.3396495467945557,-0.07069297257819662,-0.5893106271804838,-0.521970861037311,-0.14926699577611907,-0.8147400426846423,-0.7240077336998026,-0.6328365321756877,-0.06421042520716432,0
-1.070020761193285,-0.6675247233333842,-0.07121049599408058,1.5904646513028586,1.270139373567322,-0.6270576403959385,-0.8147400426846423,0.833120050053783,1.479043236119423,-0.06421042520716432,0
0.8165947914369808,0.29233263458345554,-0.07068150039641347,-0.5892981699788453,-0.5219247545262109,0.4346993476481046,-0.8147400426846423,-0.7259348720460322,-0.6328365321756877,-0.06421042520716432,0
0.8165947914369808,-0.060396744961595125,-0.06991979299843235,-0.5891396808753697,-0.5213381557211217,0.34032094871085633,-0.8147400426846423,-0.727862010392262,-0.6328365321756877,-0.06421042520716432,0
0.8165947914369808,0.172587059745729,-0.07065298268554714,-0.5892571693851345,-0.5217730034042427,0.844065653038419,-0.8147400426846423,-0.7143720419686542,-0.6328365321756877,-0.06421042520716432,0
0.8165947914369808,0.06236346205341815,-0.07052377019943117,-0.5892109346731317,-0.5216018797986189,1.2876441280434858,-0.8147400426846423,-0.7172627494879987,-0.6328365321756877,-0.06421042520716432,0
0.8165947914369808,0.1990566055535178,-0.0710475752640881,-0.5892665210099165,-0.5218076155750405,0.07724116167327678,-0.8147400426846423,-0.721117026180458,-0.6328365321756877,-0.06421042520716432,0
0.8165947914369808,0.3832437419232358,-0.07087311063180349,-0.5893185481462693,-0.5220001780625765,0.2518411997071861,-0.8147400426846423,-0.7259348720460322,-0.6328365321756877,-0.06421042520716432,0
0.8165947914369808,0.21853619542246686,-0.07052012322212008,-0.5892730462107928,-0.5218317666046645,0.9408035119490985,-0.8147400426846423,-0.7240077336998026,-0.6328365321756877,-0.06421042520716432,0
0.8165947914369808,0.27676694757714737,-0.07074329859432305,-0.5892909468955303,-0.5218980204987663,-0.08674130648019208,-0.8147400426846423,-0.7249713028729174,-0.6328365321756877,-0.06421042520716432,0
0.8165947914369808,0.01347497940368159,-0.07043215286484554,-0.589185636434328,-0.5215082461276173,1.2557914184021646,-0.8147400426846423,-0.7220805953535729,-0.6328365321756877,-0.06421042520716432,0
0.8165947914369808,-0.0807906005774254,-0.07074171003157827,-0.5891249555557263,-0.5212836544671042,0.6895210247786749,-0.8147400426846423,-0.7114813344493096,-0.6328365321756877,-0.06421042520716432,0
0.8165947914369808,0.0589823518073611,-0.07062322343050478,-0.5892092946494535,-0.5215958097537402,0.9419832419358141,-0.8147400426846423,-0.7028092118912761,-0.6328365321756877,-0.06421042520716432,0
0.8165947914369808,-0.0198539751944994,-0.07099847325448229,-0.5891662004081746,-0.5214363096383097,0.2919520192555166,-0.8147400426846423,-0.7134084727955393,-0.6328365321756877,-0.06421042520716432,0
0.8165947914369808,-0.026165566976586743,-0.07048884508316108,-0.5891622922666171,-0.5214218448505136,1.7972874823046265,-0.8147400426846423,-0.6979913660257019,-0.6328365321756877,-0.06421042520716432,0
0.8165947914369808,-0.11288659063140967,-0.07035803401716369,-0.5890995875287478,-0.5211897624963204,0.1256100911286165,-0.8147400426846423,-0.6122337096184809,-0.6328365321756877,-0.06421042520716432,0
0.8165947914369808,0.03683655548159933,-0.070600627159716,-0.5891981634242668,-0.5215546109384994,1.5271293153467533,-0.8147400426846423,-0.7240077336998026,-0.6328365321756877,-0.06421042520716432,0
0.8165947914369808,0.003860720206730749,-0.07058663558076488,-0.589180227845442,-0.5214882278945066,-0.6258779104092228,-0.8147400426846423,-0.7384612712965253,-0.6328365321756877,-0.06421042520716432,0
0.8165947914369808,-0.1999017590803409,-0.06998178122642214,-0.5890132943645559,-0.5208703748157864,0.9526008118162544,-0.8147400426846423,-0.6613757374473378,-0.6328365321756877,-0.06421042520716432,0
0.8165947914369808,0.013223409701265076,-0.07095438100049459,-0.5891854968579784,-0.521507729528053,0.7862588836893544,-0.8147400426846423,-0.7191898878342284,-0.6328365321756877,-0.06421042520716432,0
2.074338493190491,-0.6674369463964364,20.64167414232278,1.6081337263035973,10.322562613078437,-0.6258779104092228,-0.8147400426846423,-0.7384612712965253,2.5349831202669786,6.508440043915071,0
0.8165947914369808,3.0138635527229785e-05,-0.07074697527583892,-0.5891780295157374,-0.5214800914513712,0.8759183626797402,-0.8147400426846423,-0.721117026180458,-0.6328365321756877,-0.06421042520716432,0
0.8165947914369808,0.0033718622906861247,-0.0706031443534809,-0.5891799486924287,-0.5214871946953782,0.3438601386710031,-0.8147400426846423,-0.7191898878342284,-0.6328365321756877,-0.06421042520716432,0
0.8165947914369808,-0.04747586880764551,-0.07030303428535045,-0.5891485090882755,-0.521370830643554,1.0564170506472277,-0.8147400426846423,-0.7162991803148838,-0.6328365321756877,-0.06421042520716432,0
0.8165947914369808,0.03282119446195614,-0.07064385920847549,-0.5891960697771385,-0.5215468619450372,-0.06314670674588002,-0.8147400426846423,-0.592962326156184,-0.6328365321756877,-0.06421042520716432,0
0.8165947914369808,0.3242864692929893,-0.07095934192576706,-0.5893039972972511,-0.5219463225580141,-0.05252913686543959,-0.8147400426846423,-0.7268984412191472,-0.6328365321756877,-0.06421042520716432,0
0.8165947914369808,0.02207587384772322,-0.07051219099404869,-0.5891903471408378,-0.5215256813629072,1.7147063832345342,-0.8147400426846423,-0.7249713028729174,-0.6328365321756877,-0.06421042520716432,0
0.8165947914369808,0.048189499684625346,-0.07067096115218884,-0.5892039558487423,-0.5215760498204115,0.33678175875070954,-0.8147400426846423,-0.6989549351988167,-0.6328365321756877,-0.06421042520716432,0
0.8165947914369808,-0.03815819459973393,-0.0704204668811217,-0.5891546504539391,-0.5213935610243765,1.6038117644832675,-0.8147400426846423,-0.7056999194106206,-0.6328365321756877,-0.06421042520716432,0
0.8165947914369808,-0.45496515287423434,-0.0693420780240094,-0.5883532720412362,-0.518427504626825,-0.6246981804225072,-0.8147400426846423,-0.7374977021234104,-0.6328365321756877,-0.06421042520716432,0
0.8165947914369808,-0.4697373243799367,-0.07007290754435015,-0.5882628962644216,-0.5180930064090397,-0.6246981804225072,-0.8147400426846423,-0.7374977021234104,-0.6328365321756877,-0.06421042520716432,0
0.8165947914369808,0.16574916156502434,-0.07050799918079041,-0.5892546570083292,-0.521763704612088,0.6222764155358855,-0.8147400426846423,-0.6189786938302848,-0.6328365321756877,-0.06421042520716432,0
0.8165947914369808,0.157172164668144,-0.07070741629074481,-0.589251446749085,-0.5217518228221126,1.0340021808996311,-0.8147400426846423,-0.7240077336998026,-0.6328365321756877,-0.06421042520716432,0
0.8165947914369808,0.18561657107789364,-0.07080421302022015,-0.5892618451975256,-0.5217903094896417,0.49132638701045356,-0.8147400426846423,-0.7249713028729174,-0.6328365321756877,-0.06421042520716432,0
0.8165947914369808,0.04205756228555272,-0.07087614648633848,-0.5892008502718232,-0.5215645554801093,0.6246358755093168,-0.8147400426846423,-0.721117026180458,-0.6328365321756877,-0.06421042520716432,0
0.8165947914369808,0.13186154550534307,-0.07067473199665532,-0.5892415717123324,-0.5217152734029492,0.5337966665322152,-0.8147400426846423,-0.7191898878342284,-0.6328365321756877,-0.06421042520716432,0
2.074338493190491,-0.6673327311087206,6.522080109596272,0.40468081942223944,4.383613526793145,1.0929886802354112,-0.8147400426846423,-0.7162991803148838,2.5349831202669786,6.388937308112848,0
0.8165947914369808,0.0017683640065932545,-0.07066214042328499,-0.5891830542693479,-0.5214986890356805,1.5813968947356711,-0.8147400426846423,-0.7240077336998026,-0.6328365321756877,-0.06421042520716432,0
-1.070020761193285,-0.6675247233333842,-0.07121049599408058,1.4193303366474026,1.1293835567223736,-0.6270576403959385,-0.8147400426846423,0.8495007259967353,1.479043236119423,-0.06421042520716432,0
-1.070020761193285,-0.6675247233333842,-0.07121049599408058,0.12779216427347007,0.06710968835807163,-0.6270576403959385,-0.8147400426846423,1.6145746494499202,1.479043236119423,-0.06421042520716432,0
-1.070020761193285,-0.6675247233333842,-0.07121049599408058,2.7393359365546295,2.2164503296690135,-0.6270576403959385,-0.8147400426846423,0.5238143454839185,1.479043236119423,-0.06421042520716432,0
-1.070020761193285,-0.6675247233333842,-0.07121049599408058,1.4656158545306976,1.1674528118035137,-0.6270576403959385,-0.8147400426846423,0.8225207891495196,1.479043236119423,-0.06421042520716432,0
-1.070020761193285,-0.6675247233333842,-0.07121049599408058,1.3419349989258815,1.0657268669292372,-0.6270576403959385,-0.8147400426846423,1.8622119269404347,1.479043236119423,-0.06421042520716432,0
-1.070020761193285,-0.6675247233333842,-0.07121049599408058,1.3894043173551047,1.104769783038904,-0.6270576403959385,-0.8147400426846423,0.5479035748117895,1.479043236119423,-0.06421042520716432,0
-1.070020761193285,-0.6675247233333842,-0.07121049599408058,1.4002299919854175,1.1136737639766552,-0.6270576403959385,-0.8147400426846423,0.9458576433082195,1.479043236119423,-0.06421042520716432,0
-1.070020761193285,-0.6675247233333842,-0.07121049599408058,1.4335057946768777,1.1410426922856132,-0.6270576403959385,-0.8147400426846423,1.5760318825253266,1.479043236119423,-0.06421042520716432,0
-1.070020761193285,-0.6675247233333842,-0.07121049599408058,1.5602756175637602,1.245309273816366,-0.6270576403959385,-0.8147400426846423,1.5904854201220493,1.479043236119423,-0.06421042520716432,0
-1.070020761193285,-0.6675247233333842,-0.07121049599408058,1.3986226989242527,1.1123517856920024,-0.6270576403959385,-0.8147400426846423,0.5739199424858903,1.479043236119423,-0.06421042520716432,0
-1.070020761193285,-0.6675247233333842,-0.07121049599408058,1.3938433731228976,1.1084208504585147,-0.6270576403959385,-0.8147400426846423,2.180189754068333,1.479043236119423,-0.06421042520716432,0
-1.070020761193285,-0.6675247233333842,-0.07121049599408058,1.4115933152520557,1.1230199541413164,-0.6270576403959385,-0.8147400426846423,1.2599811937436582,1.479043236119423,-0.06421042520716432,0
-1.070020761193285,-0.6675247233333842,-0.07121049599408058,1.3843363822682455,1.1006014703056908,-0.6270576403959385,-0.8147400426846423,1.4363143524236743,1.479043236119423,-0.06421042520716432,0
-1.070020761193285,-0.6675247233333842,-0.07121049599408058,1.4187766716089434,1.1289281742065778,-0.6270576403959385,-0.8147400426846423,0.07960895667797609,1.479043236119423,-0.06421042520716432,0
-1.070020761193285,-0.6675247233333842,-0.07121049599408058,1.385827006831516,1.1018274902213032,-0.6270576403959385,-0.8147400426846423,1.0075260703875695,1.479043236119423,-0.06421042520716432,0
-1.070020761193285,-0.6675247233333842,-0.07121049599408058,1.3833909434717162,1.0998238588117581,-0.6270576403959385,-0.8147400426846423,1.066303789947575,1.479043236119423,-0.06421042520716432,0
-1.070020761193285,-0.6675247233333842,-0.07121049599408058,1.0110881056423298,0.7936094671634668,-0.6270576403959385,-0.8147400426846423,1.3601923877476019,1.479043236119423,-0.06421042520716432,0
-1.070020761193285,-0.6675247233333842,-0.07121049599408058,1.4344349030241728,1.141806872190878,-0.6270576403959385,-0.8147400426846423,1.4112615539226885,1.479043236119423,-0.06421042520716432,0
-1.070020761193285,-0.6675247233333842,-0.07121049599408058,1.392265286442094,1.1071228940535947,-0.6270576403959385,-0.8147400426846423,0.7993951289947635,1.479043236119423,-0.06421042520716432,0
-1.070020761193285,-0.6675247233333842,-0.07121049599408058,1.1699260630950945,0.9242516851912135,-0.6270576403959385,-0.8147400426846423,-0.36459643212796633,1.479043236119423,-0.06421042520716432,0
-1.070020761193285,-0.6675247233333842,-0.07121049599408058,0.931054615251736,0.7277829300510209,-0.6270576403959385,-0.8147400426846423,1.303341806533826,1.479043236119423,-0.06421042520716432,0
-1.070020761193285,-0.6675247233333842,-0.07121049599408058,0.5080689720356494,0.3798825697729945,-0.6270576403959385,-0.8147400426846423,-0.2190974869876251,1.479043236119423,-0.06421042520716432,0
-1.070020761193285,-0.6675247233333842,-0.07121049599408058,1.4205072281571163,1.1303515351556945,-0.6270576403959385,-0.8147400426846423,0.6644954447586855,1.479043236119423,-0.06421042520716432,0
-1.070020761193285,-0.6675247233333842,-0.07121049599408058,1.4718628794569752,1.1725909110685224,-0.6270576403959385,-0.8147400426846423,2.4682969368296708,1.479043236119423,-0.06421042520716432,0
-1.070020761193285,-0.6675247233333842,-0.07121049599408058,1.4337133798104122,1.1412134284415638,-0.6270576403959385,-0.8147400426846423,1.585667574256475,1.479043236119423,-0.06421042520716432,0
-1.070020761193285,-0.6675247233333842,-0.07121049599408058,0.8998234162091061,0.7020956624732534,-0.6270576403959385,-0.8147400426846423,0.8177029432839454,1.479043236119423,-0.06421042520716432,0
-1.070020761193285,-0.6675247233333842,-0.07121049599408058,0.7677879655855003,0.593498168496472,-0.6270576403959385,-0.8147400426846423,0.37542469282423274,1.479043236119423,-0.06421042520716432,0
-1.070020761193285,-0.6675247233333842,-0.07121049599408058,2.707931226488886,2.1964803986175547,-0.6270576403959385,-0.8147400426846423,2.5087668421004943,1.479043236119423,-0.06421042520716432,0
-1.070020761193285,-0.6675247233333842,-0.07121049599408058,1.4292561093107814,1.1375473796345927,-0.6270576403959385,-0.8147400426846423,1.3370667275928456,1.479043236119423,-0.06421042520716432,0
-1.070020761193285,-0.6675247233333842,-0.07121049599408058,1.3781012911317927,1.0954731864324008,-0.6270576403959385,-0.8147400426846423,0.4823808710399803,1.479043236119423,-0.06421042520716432,0
-1.070020761193285,-0.6675247233333842,-0.07121049599408058,1.3638049249685644,1.0837146054530629,-0.6270576403959385,-0.8147400426846423,0.02468551381043006,1.479043236119423,-0.06421042520716432,0
-1.070020761193285,-0.6675247233333842,-0.07121049599408058,1.4436628630298907,1.1493967529873297,-0.6270576403959385,-0.8147400426846423,2.937555124136599,1.479043236119423,-0.06421042520716432,0
-1.070020761193285,-0.6675247233333842,-0.07121049599408058,2.833550066751859,2.29749989358786,-0.6270576403959385,-0.8147400426846423,1.413188692268918,1.479043236119423,-0.06421042520716432,0
-1.070020761193285,-0.6675247233333842,-0.07121049599408058,0.7497351250277582,0.5786499346738602,-0.6270576403959385,-0.8147400426846423,1.0065625012144546,1.479043236119423,-0.06421042520716432,0
-1.070020761193285,-0.6675247233333842,-0.07121049599408058,1.4404115333967844,1.1467225753435213,-0.6270576403959385,-0.8147400426846423,0.6635318755855707,1.479043236119423,-0.06421042520716432,0
-1.070020761193285,-0.6675247233333842,-0.07121049599408058,1.422622335380044,1.1320911841879604,-0.6270576403959385,-0.8147400426846423,1.3669373719594058,1.479043236119423,-0.06421042520716432,0
-1.070020761193285,-0.6675247233333842,-0.07121049599408058,1.5937681127546741,1.2728564289749547,-0.6270576403959385,-0.8147400426846423,1.3794637712098987,1.479043236119423,-0.06421042520716432,0
-1.070020761193285,-0.6675247233333842,-0.07121049599408058,0.5377457949535754,0.40429138257938857,-0.6270576403959385,-0.8147400426846423,1.4420957674623633,1.479043236119423,-0.06421042520716432,0
-1.070020761193285,-0.6675247233333842,-0.07121049599408058,0.03404722044462248,-0.009994346389600096,-0.6270576403959385,-0.8147400426846423,0.016013391252396477,1.479043236119423,-0.06421042520716432,0
-1.070020761193285,-0.6675247233333842,-0.07121049599408058,0.031687784577383186,-0.011934952652319298,-0.6270576403959385,-0.8147400426846423,2.664865048145099,1.479043236119423,-0.06421042520716432,0
-1.070020761193285,-0.6675247233333842,-0.07121049599408058,0.650454944026273,0.49699323711724974,-0.6270576403959385,-0.8147400426846423,0.44865594998096076,1.479043236119423,-0.06421042520716432,0
-1.070020761193285,-0.6675247233333842,-0.07121049599408058,1.3964601705891257,1.1105731333926434,-0.6270576403959385,-0.8147400426846423,1.5827768667371305,1.479043236119423,-0.06421042520716432,0
-1.070020761193285,-0.6675247233333842,-0.07121049599408058,1.294367069707052,1.0266028446879993,-0.6270576403959385,-0.8147400426846423,0.8321564808806681,1.479043236119423,-0.06421042520716432,0
-1.070020761193285,-0.6675247233333842,-0.07121049599408058,1.1600976450329195,0.916167935211437,-0.6270576403959385,-0.8147400426846423,-0.1169591546374518,1.479043236119423,-0.06421042520716432,0
-1.070020761193285,-0.6675247233333842,-0.07121049599408058,0.3256815646458858,0.22987122598689239,-0.6270576403959385,-0.8147400426846423,1.06534022077446,1.479043236119423,-0.06421042520716432,0
-1.070020761193285,-0.6675247233333842,-0.07121049599408058,0.09166104534283244,0.037392298430500216,-0.6270576403959385,-0.8147400426846423,1.738875072781735,1.479043236119423,-0.06421042520716432,0
-1.070020761193285,-0.6675247233333842,-0.07121049599408058,1.3841434003248914,1.1004427450896064,-0.6270576403959385,-0.8147400426846423,1.3341760200735011,1.479043236119423,-0.06421042520716432,0
-1.070020761193285,-0.6675247233333842,-0.07121049599408058,2.6451218063573996,2.127263547715501,-0.6270576403959385,-0.8147400426846423,0.6625683064124558,1.479043236119423,-0.06421042520716432,0
-1.070020761193285,-0.6675247233333842,-0.07121049599408058,1.2272259979161972,0.9713801593791311,-0.6270576403959385,-0.8147400426846423,-0.04950931251941282,1.479043236119423,-0.06421042520716432,0
-1.070020761193285,-0.6675247233333842,-0.07121049599408058,2.051030583795567,1.6489490481172988,-0.6270576403959385,-0.8147400426846423,2.148391971355543,1.479043236119423,-0.06421042520716432,0
-1.070020761193285,-0.6675247233333842,-0.07121049599408058,1.4684298735761385,1.1697673070007846,-0.6270576403959385,-0.8147400426846423,4.349183962749843,1.479043236119423,-0.06421042520716432,0
-1.070020761193285,-0.6675247233333842,-0.07121049599408058,1.4791285161542354,1.178566805676687,-0.6270576403959385,-0.8147400426846423,1.4546221667128565,1.479043236119423,-0.06421042520716432,0
-1.070020761193285,-0.6675247233333842,-0.07121049599408058,1.3968700020554836,1.1109102146082495,-0.6270576403959385,-0.8147400426846423,0.3089384198793086,1.479043236119423,-0.06421042520716432,0
-1.070020761193285,-0.6675247233333842,-0.07121049599408058,2.707931226488886,2.1822882462414097,-0.6270576403959385,-0.8147400426846423,1.7408022111279646,1.479043236119423,-0.06421042520716432,0
-1.070020761193285,-0.6675247233333842,-0.07121049599408058,1.243135152964852,0.9844652388893083,-0.6270576403959385,-0.8147400426846423,0.5710292349665458,1.479043236119423,-0.06421042520716432,0
-1.070020761193285,-0.6675247233333842,-0.07121049599408058,0.726308781554217,0.5593820624300776,-0.6270576403959385,-0.8147400426846423,2.4027742330578614,1.479043236119423,-0.06421042520716432,0
-1.070020761193285,-0.6675247233333842,-0.07121049599408058,0.17074171683003153,0.10243515400413471,-0.6270576403959385,-0.8147400426846423,0.9265862598459227,1.479043236119423,-0.06421042520716432,0
-1.070020761193285,-0.6675247233333842,-0.07121049599408058,2.707931226488886,2.1861810822570416,-0.6270576403959385,-0.8147400426846423,0.771451622974433,1.479043236119423,-0.06421042520716432,0
-1.070020761193285,-0.6675247233333842,-0.07121049599408058,2.802145356686116,2.274437080945851,-0.6270576403959385,-0.8147400426846423,2.760258396283468,1.479043236119423,-0.06421042520716432,0
-1.070020761193285,-0.6675247233333842,-0.07121049599408058,2.707931226488886,2.194619348687714,-0.6270576403959385,-0.8147400426846423,1.2590176245705433,1.479043236119423,-0.06421042520716432,0
-1.070020761193285,-0.6675247233333842,-0.07121049599408058,2.802145356686116,2.2574109925106858,-0.6270576403959385,-0.8147400426846423,2.0414357931397955,1.479043236119423,-0.06421042520716432,0
-1.070020761193285,-0.6675247233333842,-0.07121049599408058,1.3791866379116648,1.0963658704792474,-0.6270576403959385,-0.8147400426846423,0.49394370111735836,1.479043236119423,-0.06421042520716432,0
-1.070020761193285,-0.6675247233333842,-0.07121049599408058,1.389838173424663,1.1051266241878388,-0.6270576403959385,-0.8147400426846423,1.3245403283423527,1.479043236119423,-0.06421042520716432,0
-1.070020761193285,-0.6675247233333842,-0.07121049599408058,-0.10284669584970406,-0.12258786714495166,-0.6270576403959385,-0.8147400426846423,0.4419109657691569,1.479043236119423,-0.06421042520716432,0
-1.070020761193285,-0.6675247233333842,-0.07121049599408058,1.4548696338168512,1.1586141807106272,-0.6270576403959385,-0.8147400426846423,1.2994875298413668,1.479043236119423,-0.06421042520716432,0
-1.070020761193285,-0.6675247233333842,-0.07121049599408058,1.4270728538670108,1.1357516795496168,-0.6270576403959385,-0.8147400426846423,1.1164093869495466,1.479043236119423,-0.06421042520716432,0
-1.070020761193285,-0.6675247233333842,-0.07121049599408058,1.4190357604669859,1.1291412715267886,-0.6270576403959385,-0.8147400426846423,0.5893370492557278,1.479043236119423,-0.06421042520716432,0
-1.070020761193285,-0.6675247233333842,-0.07121049599408058,2.802145356686116,2.267489720857308,-0.6270576403959385,-0.8147400426846423,0.5353771755612966,1.479043236119423,-0.06421042520716432,0
-1.070020761193285,-0.6675247233333842,-0.07121049599408058,0.5109184784034646,0.3822262528456396,-0.6270576403959385,-0.8147400426846423,1.6492631396820545,1.479043236119423,-0.06421042520716432,0
-1.070020761193285,-0.6675247233333842,-0.07121049599408058,1.3974690468999877,1.111402921442555,-0.6270576403959385,-0.8147400426846423,1.5355619772545033,1.479043236119423,-0.06421042520716432,0
-1.070020761193285,-0.6675247233333842,-0.07121049599408058,1.385848990128562,1.1018455712060484,-0.6270576403959385,-0.8147400426846423,1.52496271635024,1.479043236119423,-0.06421042520716432,0
-1.070020761193285,-0.6675247233333842,-0.07121049599408058,2.7393359365546295,2.2038185662763756,-0.6270576403959385,-0.8147400426846423,0.8225207891495196,1.479043236119423,-0.06421042520716432,0
-1.070020761193285,-0.6675247233333842,-0.07121049599408058,2.7393359365546295,2.227243256913069,-0.6270576403959385,-0.8147400426846423,0.7897594372636151,1.479043236119423,-0.06421042520716432,0
-1.070020761193285,-0.6675247233333842,-0.07121049599408058,0.7056146478563955,0.5423613982903356,-0.6270576403959385,-0.8147400426846423,0.4496195191540756,1.479043236119423,-0.06421042520716432,0
-1.070020761193285,-0.6675247233333842,-0.07121049599408058,2.802145356686116,2.264674124082814,-0.6270576403959385,-0.8147400426846423,2.8450524835175743,1.479043236119423,-0.06421042520716432,0
-1.070020761193285,-0.6675247233333842,-0.07121049599408058,2.802145356686116,2.2713639592886303,-0.6270576403959385,-0.8147400426846423,2.056852899909633,1.479043236119423,-0.06421042520716432,0
-1.070020761193285,-0.6675247233333842,-0.07121049599408058,1.4083697787873575,1.1203686360282217,-0.6270576403959385,-0.8147400426846423,1.236855533588902,1.479043236119423,-0.06421042520716432,0
-1.070020761193285,-0.6675247233333842,-0.07121049599408058,1.402550328988625,1.1155822119165062,-0.6270576403959385,-0.8147400426846423,2.491422596984427,1.479043236119423,-0.06421042520716432,0
-1.070020761193285,-0.6675247233333842,-0.07121049599408058,-0.16164023868153365,-0.17094481509641157,-0.6270576403959385,-0.8147400426846423,1.1395350471043029,1.479043236119423,-0.06421042520716432,0
-1.070020761193285,-0.6675247233333842,-0.07121049599408058,0.41545381265141684,0.30370776849133263,-0.6270576403959385,-0.8147400426846423,0.34748118680390233,1.479043236119423,-0.06421042520716432,0
-1.070020761193285,-0.6675247233333842,-0.07121049599408058,1.7125656929678175,1.3705659413878775,-0.6270576403959385,-0.8147400426846423,1.7436929186473091,1.479043236119423,-0.06421042520716432,0
-1.070020761193285,-0.6675247233333842,-0.07121049599408058,0.09072094534701441,0.036619078032862795,-0.6270576403959385,-0.8147400426846423,1.4777478268676125,1.479043236119423,-0.06421042520716432,0
-1.070020761193285,-0.6675247233333842,-0.07121049599408058,1.185472179695389,0.9370381701533135,-0.6270576403959385,-0.8147400426846423,0.8543185718623095,1.479043236119423,-0.06421042520716432,0
-1.070020761193285,-0.6675247233333842,-0.07121049599408058,1.432615942217165,1.1403107998531075,-0.6270576403959385,-0.8147400426846423,1.6010846810263124,1.479043236119423,-0.06421042520716432,0
-1.070020761193285,-0.6675247233333842,-0.07121049599408058,0.6583103611785678,0.5034542187161485,-0.6270576403959385,-0.8147400426846423,1.3505566960164535,1.479043236119423,-0.06421042520716432,0
-1.070020761193285,-0.6675247233333842,-0.07121049599408058,1.2054080466686732,0.9534351694692387,-0.6270576403959385,-0.8147400426846423,1.7860899622643622,1.479043236119423,-0.06421042520716432,0
-1.070020761193285,-0.6675247233333842,-0.07121049599408058,1.4049289217290044,1.1175385744659319,-0.6270576403959385,-0.8147400426846423,-0.025420083191541754,1.479043236119423,-0.06421042520716432,0
-1.070020761193285,-0.6675247233333842,-0.07121049599408058,1.4327633873309236,1.140432071600791,-0.6270576403959385,-0.8147400426846423,0.5556121281967084,1.479043236119423,-0.06421042520716432,0
-1.070020761193285,-0.6675247233333842,-0.07121049599408058,1.3575549165948306,1.0785740523401244,-0.6270576403959385,-0.8147400426846423,0.57584708083212,1.479043236119423,-0.06421042520716432,0
-1.070020761193285,-0.6675247233333842,-0.07121049599408058,1.0130187101936214,0.7951973650737645,-0.6270576403959385,-0.8147400426846423,-0.2865473291056641,1.479043236119423,-0.06421042520716432,0
-1.070020761193285,-0.6675247233333842,-0.07121049599408058,2.255403957631706,1.8170435721967029,-0.6270576403959385,-0.8147400426846423,2.1031042202191452,1.479043236119423,-0.06421042520716432,0
-1.070020761193285,-0.6675247233333842,-0.07121049599408058,1.380881079043262,1.0977595269534255,-0.6270576403959385,-0.8147400426846423,1.6820244915679592,1.479043236119423,-0.06421042520716432,0
-1.070020761193285,-0.6675247233333842,-0.07121049599408058,1.4211540081609202,1.1308835035568752,-0.6270576403959385,-0.8147400426846423,1.3919901704603916,1.479043236119423,-0.06421042520716432,0
-1.070020761193285,-0.6675247233333842,-0.07121049599408058,1.3988390773766057,1.112529754241851,-0.6270576403959385,-0.8147400426846423,0.19138298075929783,1.479043236119423,-0.06421042520716432,0
-1.070020761193285,-0.6675247233333842,-0.07121049599408058,2.707931226488886,2.191357668189579,-0.6270576403959385,-0.8147400426846423,0.8851527854019845,1.479043236119423,-0.06421042520716432,0
-1.070020761193285,-0.6675247233333842,-0.07121049599408058,1.109399922408938,0.8744696973420533,-0.6270576403959385,-0.8147400426846423,1.352483834362683,1.479043236119423,-0.06421042520716432,0
-1.070020761193285,-0.6675247233333842,-0.07121049599408058,0.8749190100563207,0.6816121023051412,-0.6270576403959385,-0.8147400426846423,1.194458489971849,1.479043236119423,-0.06421042520716432,0
-1.070020761193285,-0.6675247233333842,-0.07121049599408058,-0.3494143389653238,-0.32538664589453165,-0.6270576403959385,-0.8147400426846423,0.13549596871863695,1.479043236119423,-0.06421042520716432,0
-1.070020761193285,-0.6675247233333842,-0.07121049599408058,1.4328711054864491,1.1405206684260423,-0.6270576403959385,-0.8147400426846423,0.692438950779016,1.479043236119423,-0.06421042520716432,0
-1.070020761193285,-0.6675247233333842,-0.07121049599408058,1.703606400256712,1.3631970360549897,-0.6270576403959385,-0.8147400426846423,3.3326184851136844,1.479043236119423,-0.06421042520716432,0
-1.070020761193285,-0.6675247233333842,-0.07121049599408058,1.41800584300038,1.128294177391478,-0.6270576403959385,-0.8147400426846423,2.694735692511659,1.479043236119423,-0.06421042520716432,0
-1.070020761193285,-0.6675247233333842,-0.07121049599408058,1.4502463894245228,1.1548116204688301,-0.6270576403959385,-0.8147400426846423,1.2069848892223418,1.479043236119423,-0.06421042520716432,0
-1.070020761193285,-0.6675247233333842,-0.07121049599408058,0.8415629683306425,0.6541771784018634,-0.6270576403959385,-0.8147400426846423,0.21065436422159467,1.479043236119423,-0.06421042520716432,0
-1.070020761193285,-0.6675247233333842,-0.07121049599408058,1.34313795634495,1.0667162842444702,-0.6270576403959385,-0.8147400426846423,1.2108391659148012,1.479043236119423,-0.06421042520716432,0
-1.070020761193285,-0.6675247233333842,-0.07121049599408058,1.396891671305429,1.1109280372932124,-0.6270576403959385,-0.8147400426846423,1.0759394816787233,1.479043236119423,-0.06421042520716432,0
-1.070020761193285,-0.6675247233333842,-0.07121049599408058,-0.035102967672687946,-0.06686950455428425,-0.6270576403959385,-0.8147400426846423,0.1933101191055275,1.479043236119423,-0.06421042520716432,0
-1.070020761193285,-0.6675247233333842,-0.07121049599408058,2.802145356686116,2.2745854741706526,-0.6270576403959385,-0.8147400426846423,2.203315414223089,1.479043236119423,-0.06421042520716432,0
-1.070020761193285,-0.6675247233333842,-0.07121049599408058,2.7393359365546295,2.222618915914605,-0.6270576403959385,-0.8147400426846423,2.6176501586624714,1.479043236119423,-0.06421042520716432,0
-1.070020761193285,-0.6675247233333842,-0.07121049599408058,0.950840367710906,0.744056462071115,-0.6270576403959385,-0.8147400426846423,0.6972567966445902,1.479043236119423,-0.06421042520716432,0
-1.070020761193285,-0.6675247233333842,-0.07121049599408058,1.0797097524892338,0.8500499067949211,-0.6270576403959385,-0.8147400426846423,-0.39928492236010066,1.479043236119423,-0.06421042520716432,0
-1.070020761193285,-0.6675247233333842,-0.07121049599408058,0.14913904487000806,0.08466722859485368,-0.6270576403959385,-0.8147400426846423,1.3052689448800558,1.479043236119423,-0.06421042520716432,0
-1.070020761193285,-0.6675247233333842,-0.07121049599408058,1.3765299564636533,1.0941807834727955,-0.6270576403959385,-0.8147400426846423,0.691475381605901,1.479043236119423,-0.06421042520716432,0
-1.070020761193285,-0.6675247233333842,-0.07121049599408058,2.3109513526075904,1.8627306044507588,-0.6270576403959385,-0.8147400426846423,3.4742631535615662,1.479043236119423,-0.06421042520716432,0
-1.070020761193285,-0.6675247233333842,-0.07121049599408058,1.4158309098047768,1.126505322250727,-0.6270576403959385,-0.8147400426846423,0.5093608078871958,1.479043236119423,-0.06421042520716432,0
-1.070020761193285,-0.6675247233333842,-0.07121049599408058,0.10244730706201262,0.046263862745601195,-0.6270576403959385,-0.8147400426846423,1.3544109727089129,1.479043236119423,-0.06421042520716432,0
-1.070020761193285,-0.6675247233333842,-0.07121049599408058,2.8649547768176022,2.321715369007372,-0.6270576403959385,-0.8147400426846423,0.8745535244977212,1.479043236119423,-0.06421042520716432,0
-1.070020761193285,-0.6675247233333842,-0.07121049599408058,1.0057331315054696,0.7892050684294383,-0.6270576403959385,-0.8147400426846423,1.4546221667128565,1.479043236119423,-0.06421042520716432,0
-1.070020761193285,-0.6675247233333842,-0.07121049599408058,0.7560823309791456,0.5838704315693504,-0.6270576403959385,-0.8147400426846423,1.1963856283180785,1.479043236119423,-0.06421042520716432,0
-1.070020761193285,-0.6675247233333842,-0.07121049599408058,1.595569486924045,1.274338036524929,-0.6270576403959385,-0.8147400426846423,1.072085204986264,1.479043236119423,-0.06421042520716432,0
-1.070020761193285,-0.6675247233333842,-0.07121049599408058,1.8714359972719499,1.5012347642931776,-0.6270576403959385,-0.8147400426846423,1.9421881683089668,1.479043236119423,-0.06421042520716432,0
-1.070020761193285,-0.6675247233333842,-0.07121049599408058,1.4232004960923543,1.132566714086758,-0.6270576403959385,-0.8147400426846423,3.3518898685759813,1.479043236119423,-0.06421042520716432,0
-1.070020761193285,-0.6675247233333842,-0.07121049599408058,1.4324854556468418,1.140203476293656,-0.6270576403959385,-0.8147400426846423,0.3561533093619359,1.479043236119423,-0.06421042520716432,0
-1.070020761193285,-0.6675247233333842,-0.07121049599408058,1.0535830750206896,0.8285610438749783,-0.6270576403959385,-0.8147400426846423,2.930810139924795,1.479043236119423,-0.06421042520716432,0
-1.070020761193285,-0.6675247233333842,-0.07121049599408058,0.23829324818144532,0.15799543712817304,-0.6270576403959385,-0.8147400426846423,1.4469136133279377,1.479043236119423,-0.06421042520716432,0
-1.070020761193285,-0.6675247233333842,-0.07121049599408058,1.7800928856689302,1.426106206278805,-0.6270576403959385,-0.8147400426846423,1.2657626087823473,1.479043236119423,-0.06421042520716432,0
-1.070020761193285,-0.6675247233333842,-0.07121049599408058,1.4431869246488445,1.149005299667597,-0.6270576403959385,-0.8147400426846423,1.9942209036571683,1.479043236119423,-0.06421042520716432,0
-1.070020761193285,-0.6675247233333842,-0.07121049599408058,2.707931226488886,2.1977322485113744,-0.6270576403959385,-0.8147400426846423,0.765670207935744,1.479043236119423,-0.06421042520716432,0
-1.070020761193285,-0.6675247233333842,-0.07121049599408058,1.3884048624572625,1.1039477439824545,-0.6270576403959385,-0.8147400426846423,0.020831237117970688,1.479043236119423,-0.06421042520716432,0
-1.070020761193285,-0.6675247233333842,-0.07121049599408058,1.3808579965813637,1.0977405419194433,-0.6270576403959385,-0.8147400426846423,0.5527214206773637,1.479043236119423,-0.06421042520716432,0
-1.070020761193285,-0.6675247233333842,-0.07121049599408058,1.3045731294077674,1.0349972001557193,-0.6270576403959385,-0.8147400426846423,0.3908417995940702,1.479043236119423,-0.06421042520716432,0
-1.070020761193285,-0.6675247233333842,-0.07121049599408058,0.5743742074681041,0.4344177902118736,-0.6270576403959385,-0.8147400426846423,0.5739199424858903,1.479043236119423,-0.06421042520716432,0
-1.070020761193285,-0.6675247233333842,-0.07121049599408058,2.770740646620373,2.252022988206521,-0.6270576403959385,-0.8147400426846423,1.390063032114162,1.479043236119423,-0.06421042520716432,0
-1.070020761193285,-0.6675247233333842,-0.07121049599408058,0.031170706026150723,-0.012360243243503533,-0.6270576403959385,-0.8147400426846423,0.435165981557353,1.479043236119423,-0.06421042520716432,0
-1.070020761193285,-0.6675247233333842,-0.07121049599408058,0.6320877423207728,0.4818864452127823,-0.6270576403959385,-0.8147400426846423,0.8764806628439509,1.479043236119423,-0.06421042520716432,0
-1.070020761193285,-0.6675247233333842,-0.07121049599408058,0.43939801979394216,0.3234015770757547,-0.6270576403959385,-0.8147400426846423,0.6664225831049152,1.479043236119423,-0.06421042520716432,0
-1.070020761193285,-0.6675247233333842,-0.07121049599408058,0.3007795138463553,0.20938960306714577,-0.6270576403959385,-0.8147400426846423,0.44287453494227175,1.479043236119423,-0.06421042520716432,0
-1.070020761193285,-0.6675247233333842,-0.07121049599408058,1.514624317800243,1.2077616551451233,-0.6270576403959385,-0.8147400426846423,0.42071244396063034,1.479043236119423,-0.06421042520716432,0
-1.070020761193285,-0.6675247233333842,-0.07121049599408058,2.770740646620373,2.2486817513755075,-0.6270576403959385,-0.8147400426846423,1.2320376877233277,1.479043236119423,-0.06421042520716432,0
-1.070020761193285,-0.6675247233333842,-0.07121049599408058,-0.2394573416592376,-0.2349484014968728,-0.6270576403959385,-0.8147400426846423,0.26172353039668134,1.479043236119423,-0.06421042520716432,0
-1.070020761193285,-0.6675247233333842,-0.07121049599408058,1.399044621203986,1.1126988114492182,-0.6270576403959385,-0.8147400426846423,1.114482248603317,1.479043236119423,-0.06421042520716432,0
-1.070020761193285,-0.6675247233333842,-0.07121049599408058,1.1680888875562485,0.9227406314660827,-0.6270576403959385,-0.8147400426846423,0.6211348319685176,1.479043236119423,-0.06421042520716432,0
-1.070020761193285,-0.6675247233333842,-0.07121049599408058,1.4706996489961401,1.1716341686757217,-0.6270576403959385,-0.8147400426846423,1.6145746494499202,1.479043236119423,-0.06421042520716432,0
-1.070020761193285,-0.6675247233333842,-0.07121049599408058,1.4408609347978252,1.1470922023316688,-0.6270576403959385,-0.8147400426846423,0.6384790770845847,1.479043236119423,-0.06421042520716432,0
-1.070020761193285,-0.6675247233333842,-0.07121049599408058,1.1041176501758798,0.8701250950075748,-0.6270576403959385,-0.8147400426846423,0.15862162887339318,1.479043236119423,-0.06421042520716432,0
-1.070020761193285,-0.6675247233333842,-0.07121049599408058,1.9973732812949896,1.6048165931016531,-0.6270576403959385,-0.8147400426846423,3.596636438547151,1.479043236119423,-0.06421042520716432,0
-1.070020761193285,-0.6675247233333842,-0.07121049599408058,0.5765449010278483,0.43620315830556655,-0.6270576403959385,-0.8147400426846423,0.17885658150880487,1.479043236119423,-0.06421042520716432,0
-1.070020761193285,-0.6675247233333842,-0.07121049599408058,2.707931226488886,2.201663571194535,-0.6270576403959385,-0.8147400426846423,1.0412509914465888,1.479043236119423,-0.06421042520716432,0
-1.070020761193285,-0.6675247233333842,-0.07121049599408058,1.441666308587461,1.1477546121227964,-0.6270576403959385,-0.8147400426846423,0.777233038013122,1.479043236119423,-0.06421042520716432,0
-1.070020761193285,-0.6675247233333842,-0.07121049599408058,1.3283086522519059,1.0545193685349532,-0.6270576403959385,-0.8147400426846423,0.47274517930883186,1.479043236119423,-0.06421042520716432,0
-1.070020761193285,-0.6675247233333842,-0.07121049599408058,1.439715919068828,1.1461504413262282,-0.6270576403959385,-0.8147400426846423,1.456549305059086,1.479043236119423,-0.06421042520716432,0
-1.070020761193285,-0.6675247233333842,-0.07121049599408058,2.707931226488886,2.1843388882112924,-0.6270576403959385,-0.8147400426846423,1.126045078680695,1.479043236119423,-0.06421042520716432,0
-1.070020761193285,-0.6675247233333842,-0.07121049599408058,0.37217498170981606,0.26811147552376535,-0.6270576403959385,-0.8147400426846423,0.18752870406683844,1.479043236119423,-0.06421042520716432,0
-1.070020761193285,-0.6675247233333842,-0.07121049599408058,1.6622776447866434,1.3292046555842087,-0.6270576403959385,-0.8147400426846423,1.5133998862728617,1.479043236119423,-0.06421042520716432,0
-1.070020761193285,-0.6675247233333842,-0.07121049599408058,2.770740646620373,2.2434999994473284,-0.6270576403959385,-0.8147400426846423,1.0133074854262585,1.479043236119423,-0.06421042520716432,0
-1.070020761193285,-0.6675247233333842,-0.07121049599408058,1.2891394416695083,1.0223031865156016,-0.6270576403959385,-0.8147400426846423,0.08346323337043546,1.479043236119423,-0.06421042520716432,0
-1.070020761193285,-0.6675247233333842,-0.07121049599408058,2.707931226488886,2.1887523274376934,-0.6270576403959385,-0.8147400426846423,2.0356543781011065,1.479043236119423,-0.06421042520716432,0
-1.070020761193285,-0.6675247233333842,-0.07121049599408058,2.802145356686116,2.2765395120220395,-0.6270576403959385,-0.8147400426846423,1.6184289261423797,1.479043236119423,-0.06421042520716432,0
-1.070020761193285,-0.6675247233333842,-0.07121049599408058,1.3630644019052143,1.0831055345669331,-0.6270576403959385,-0.8147400426846423,0.4563645033658795,1.479043236119423,-0.06421042520716432,0
-1.070020761193285,-0.6675247233333842,-0.07121049599408058,1.4282894723349577,1.1367523329053701,-0.6270576403959385,-0.8147400426846423,1.3120139290918598,1.479043236119423,-0.06421042520716432,0
-1.070020761193285,-0.6675247233333842,-0.07121049599408058,0.5642709981928539,0.4261080279227828,-0.6270576403959385,-0.8147400426846423,0.9593476117318274,1.479043236119423,-0.06421042520716432,0
-1.070020761193285,-0.6675247233333842,-0.07121049599408058,1.406840055360055,1.119110457789741,-0.6270576403959385,-0.8147400426846423,-0.05336358921187219,1.479043236119423,-0.06421042520716432,0
-1.070020761193285,-0.6675247233333842,-0.07121049599408058,1.4236023193576455,1.1328972086579212,-0.6270576403959385,-0.8147400426846423,1.328394605034812,1.479043236119423,-0.06421042520716432,0
-1.070020761193285,-0.6675247233333842,-0.07121049599408058,2.927764196949089,2.3760671966009785,-0.6270576403959385,-0.8147400426846423,0.765670207935744,1.479043236119423,-0.06421042520716432,0
-1.070020761193285,-0.6675247233333842,-0.07121049599408058,2.833550066751859,2.2951237938925644,-0.6270576403959385,-0.8147400426846423,0.8177029432839454,1.479043236119423,-0.06421042520716432,0
-1.070020761193285,-0.6675247233333842,-0.07121049599408058,1.151815280847281,0.9093557950588091,-0.6270576403959385,-0.8147400426846423,0.7059289192026237,1.479043236119423,-0.06421042520716432,0
-1.070020761193285,-0.6675247233333842,-0.07121049599408058,0.3141717384067909,0.22040453897389375,-0.6270576403959385,-0.8147400426846423,2.1339384337588205,1.479043236119423,-0.06421042520716432,0
-1.070020761193285,-0.6675247233333842,-0.07121049599408058,1.407537868017716,1.1196843999055086,-0.6270576403959385,-0.8147400426846423,0.490089424424899,1.479043236119423,-0.06421042520716432,0
-1.070020761193285,-0.6675247233333842,-0.07121049599408058,1.400996423934572,1.1143041445948059,-0.6270576403959385,-0.8147400426846423,0.6741311364898339,1.479043236119423,-0.06421042520716432,0
-1.070020761193285,-0.6675247233333842,-0.07121049599408058,1.40868147053476,1.1206249985619297,-0.6270576403959385,-0.8147400426846423,0.42842099734554906,1.479043236119423,-0.06421042520716432,0
-1.070020761193285,-0.6675247233333842,-0.07121049599408058,2.388168311575938,1.9262405799676772,-0.6270576403959385,-0.8147400426846423,1.2320376877233277,1.479043236119423,-0.06421042520716432,0
-1.070020761193285,-0.6675247233333842,-0.07121049599408058,-0.12046944890309588,-0.13708235941601354,-0.6270576403959385,-0.8147400426846423,1.8275234367083004,1.479043236119423,-0.06421042520716432,0
-1.070020761193285,-0.6675247233333842,-0.07121049599408058,1.3914528465926932,1.1064546725173703,-0.6270576403959385,-0.8147400426846423,1.1848227982407005,1.479043236119423,-0.06421042520716432,0
-1.070020761193285,-0.6675247233333842,-0.07121049599408058,2.770740646620373,2.2527676664782392,-0.6270576403959385,-0.8147400426846423,3.9387034950029203,1.479043236119423,-0.06421042520716432,0
-1.070020761193285,-0.6675247233333842,-0.07121049599408058,1.4011008445955406,1.1143900292723454,-0.6270576403959385,-0.8147400426846423,0.490089424424899,1.479043236119423,-0.06421042520716432,0
-1.070020761193285,-0.6675247233333842,-0.07121049599408058,1.1364440884820526,0.8967131830753241,-0.6270576403959385,-0.8147400426846423,2.2630567029562094,1.479043236119423,-0.06421042520716432,0
-1.070020761193285,-0.6675247233333842,-0.07121049599408058,2.707931226488886,2.195464763874441,-0.6270576403959385,-0.8147400426846423,0.6943660891252457,1.479043236119423,-0.06421042520716432,0
-1.070020761193285,-0.6675247233333842,-0.07121049599408058,1.387991419449247,1.1036076923193547,-0.6270576403959385,-0.8147400426846423,0.8311929117075533,1.479043236119423,-0.06421042520716432,0
-1.070020761193285,-0.6675247233333842,-0.07121049599408058,0.022019687560093794,-0.01988684059334711,-0.6270576403959385,-0.8147400426846423,1.6454088629895953,1.479043236119423,-0.06421042520716432,0
-1.070020761193285,-0.6675247233333842,-0.07121049599408058,1.4257692443521819,1.1346794771542292,-0.6270576403959385,-0.8147400426846423,1.06534022077446,1.479043236119423,-0.06421042520716432,0
-1.070020761193285,-0.6675247233333842,-0.07121049599408058,2.707931226488886,2.1914352872740923,-0.6270576403959385,-0.8147400426846423,1.7408022111279646,1.479043236119423,-0.06421042520716432,0
-1.070020761193285,-0.6675247233333842,-0.07121049599408058,1.4315152071293606,1.1394054591169394,-0.6270576403959385,-0.8147400426846423,0.5642842507547419,1.479043236119423,-0.06421042520716432,0
-1.070020761193285,-0.6675247233333842,-0.07121049599408058,1.3641521040383413,1.0840001558621453,-0.6270576403959385,-0.8147400426846423,0.6490783379888481,1.479043236119423,-0.06421042520716432,0
-1.070020761193285,-0.6675247233333842,-0.07121049599408058,1.215553495278962,0.9617796730790183,-0.6270576403959385,-0.8147400426846423,0.011195545386822263,1.479043236119423,-0.06421042520716432,0
-1.070020761193285,-0.6675247233333842,-0.07121049599408058,0.25965520303881484,0.17556537575449463,-0.6270576403959385,-0.8147400426846423,3.8645086686730776,1.479043236119423,-0.06421042520716432,0
-1.070020761193285,-0.6675247233333842,-0.07121049599408058,1.959931957860409,1.5740215764832706,-0.6270576403959385,-0.8147400426846423,0.5980091718137613,1.479043236119423,-0.06421042520716432,0
-1.070020761193285,-0.6675247233333842,-0.07121049599408058,2.7393359365546295,2.2123636396669353,-0.6270576403959385,-0.8147400426846423,1.2021670433567677,1.479043236119423,-0.06421042520716432,0
-1.070020761193285,-0.6675247233333842,-0.07121049599408058,1.8484623526940063,1.4823392311852541,-0.6270576403959385,-0.8147400426846423,0.19234654993241265,1.479043236119423,-0.06421042520716432,0
-1.070020761193285,-0.6675247233333842,-0.07121049599408058,1.385998005477824,1.1019681344526424,-0.6270576403959385,-0.8147400426846423,0.37349755447800304,1.479043236119423,-0.06421042520716432,0
-1.070020761193285,-0.6675247233333842,-0.07121049599408058,1.1060287838069307,0.8716969783313839,-0.6270576403959385,-0.8147400426846423,0.5527214206773637,1.479043236119423,-0.06421042520716432,0
-1.070020761193285,-0.6675247233333842,-0.07121049599408058,1.3896596376479393,1.1049797807617299,-0.6270576403959385,-0.8147400426846423,0.9824732718865835,1.479043236119423,-0.06421042520716432,0
-1.070020761193285,-0.6675247233333842,-0.07121049599408058,0.31489043519664545,0.22099565802516927,-0.6270576403959385,-0.8147400426846423,2.2543845803981757,1.479043236119423,-0.06421042520716432,0
-1.070020761193285,-0.6675247233333842,-0.07121049599408058,1.2937425870473946,1.026089215571346,-0.6270576403959385,-0.8147400426846423,1.1732599681633225,1.479043236119423,-0.06421042520716432,0
-1.070020761193285,-0.6675247233333842,-0.07121049599408058,1.4288224102647735,1.137190667635549,-0.6270576403959385,-0.8147400426846423,1.5268898546964695,1.479043236119423,-0.06421042520716432,0
-1.070020761193285,-0.6675247233333842,-0.07121049599408058,1.2384440743987815,0.9806068858945833,-0.6270576403959385,-0.8147400426846423,0.6866575357403268,1.479043236119423,-0.06421042520716432,0
-1.070020761193285,-0.6675247233333842,-0.07121049599408058,-0.5235195391929992,-0.46858597867789686,-0.6270576403959385,-0.8147400426846423,-0.360742155435507,-0.6328365321756877,-0.06421042520716432,0
-1.070020761193285,-0.6675247233333842,-0.07121049599408058,2.137678377196657,1.7202157660898885,-0.6270576403959385,-0.8147400426846423,2.643666526336572,1.479043236119423,-0.06421042520716432,0
-1.070020761193285,-0.6675247233333842,-0.07121049599408058,1.3975116002821266,1.1114379210630259,-0.6270576403959385,-0.8147400426846423,0.1730751664701158,1.479043236119423,-0.06421042520716432,0
-1.070020761193285,-0.6675247233333842,-0.07121049599408058,1.4279634914444754,1.1364842177315777,-0.6270576403959385,-0.8147400426846423,3.7614067671497895,1.479043236119423,-0.06421042520716432,0
-1.070020761193285,-0.6675247233333842,-0.07121049599408058,1.706715780600321,1.3657544621973008,-0.6270576403959385,-0.8147400426846423,0.5806649266976942,1.479043236119423,-0.06421042520716432,0
-1.070020761193285,-0.6675247233333842,-0.07121049599408058,1.4090069803545915,1.120892726286049,-0.6270576403959385,-0.8147400426846423,1.2840704230715292,1.479043236119423,-0.06421042520716432,0
-1.070020761193285,-0.6675247233333842,-0.07121049599408058,2.770740646620373,2.252297431724974,-0.6270576403959385,-0.8147400426846423,2.363267896960153,1.479043236119423,-0.06421042520716432,0
-1.070020761193285,-0.6675247233333842,-0.07121049599408058,1.2803718747133541,1.01509197319967,-0.6270576403959385,-0.8147400426846423,3.0560741324297247,1.479043236119423,-0.06421042520716432,0
-1.070020761193285,-0.6675247233333842,-0.07121049599408058,1.4841710134259414,1.1827141961275522,-0.6270576403959385,-0.8147400426846423,1.499909917849254,1.479043236119423,-0.06421042520716432,0
-1.070020761193285,-0.6675247233333842,-0.07121049599408058,0.4865569026641655,0.3621891638508417,-0.6270576403959385,-0.8147400426846423,0.6018634485062208,1.479043236119423,-0.06421042520716432,0
-1.070020761193285,-0.6675247233333842,-0.07121049599408058,2.802145356686116,2.2636338217105125,-0.6270576403959385,-0.8147400426846423,2.668719324837558,1.479043236119423,-0.06421042520716432,0
-1.070020761193285,-0.6675247233333842,-0.07121049599408058,1.9153862609147563,1.5373833021948182,-0.6270576403959385,-0.8147400426846423,2.1377927104512797,1.479043236119423,-0.06421042520716432,0
-1.070020761193285,-0.6675247233333842,-0.07121049599408058,1.3582762827850408,1.0791673669395476,-0.6270576403959385,-0.8147400426846423,0.4804537326937506,1.479043236119423,-0.06421042520716432,0
-1.070020761193285,-0.6675247233333842,-0.07121049599408058,1.3999200274970687,1.1134188220917485,-0.6270576403959385,-0.8147400426846423,0.1933101191055275,1.479043236119423,-0.06421042520716432,0
-1.070020761193285,-0.6675247233333842,-0.07121049599408058,1.385856213211877,1.1018515121010362,-0.6270576403959385,-0.8147400426846423,1.6309553253928726,1.479043236119423,-0.06421042520716432,0
-1.070020761193285,-0.6675247233333842,-0.07121049599408058,1.4194594100057727,1.1294897179328058,-0.6270576403959385,-0.8147400426846423,0.5093608078871958,1.479043236119423,-0.06421042520716432,0
-1.070020761193285,-0.6675247233333842,-0.07121049599408058,1.400210207018076,1.1136574910903845,-0.6270576403959385,-0.8147400426846423,0.7415809786078729,1.479043236119423,-0.06421042520716432,0
-1.070020761193285,-0.6675247233333842,-0.07121049599408058,1.3978115152632546,1.111684597354906,-0.6270576403959385,-0.8147400426846423,0.43805668907669754,1.479043236119423,-0.06421042520716432,0
-1.070020761193285,-0.6675247233333842,-0.07121049599408058,1.4248402930284372,1.1339154263988553,-0.6270576403959385,-0.8147400426846423,1.1067736952183982,1.479043236119423,-0.06421042520716432,0
-1.070020761193285,-0.6675247233333842,-0.07121049599408058,1.3916747208693077,1.1066371613134054,-0.6270576403959385,-0.8147400426846423,0.9005698921718219,1.479043236119423,-0.06421042520716432,0
-1.070020761193285,-0.6675247233333842,-0.07121049599408058,1.4079505259079799,1.1200238058191534,-0.6270576403959385,-0.8147400426846423,1.9498967216938854,1.479043236119423,-0.06421042520716432,0
-1.070020761193285,-0.6675247233333842,-0.07121049599408058,1.7068607133372744,1.3658736675467278,-0.6270576403959385,-0.8147400426846423,0.4765994560012912,1.479043236119423,-0.06421042520716432,0
-1.070020761193285,-0.6675247233333842,-0.07121049599408058,1.407828832656475,1.1199237146535999,-0.6270576403959385,-0.8147400426846423,0.32820980334160543,1.479043236119423,-0.06421042520716432,0
-1.070020761193285,-0.6675247233333842,-0.07121049599408058,1.4211411322297933,1.1308729132658102,-0.6270576403959385,-0.8147400426846423,1.4787113960407274,1.479043236119423,-0.06421042520716432,0
-1.070020761193285,-0.6675247233333842,-0.07121049599408058,2.833550066751859,2.2929383194364394,-0.6270576403959385,-0.8147400426846423,2.5126211187929535,1.479043236119423,-0.06421042520716432,0
-1.070020761193285,-0.6675247233333842,-0.07121049599408058,1.175676736578783,0.9289815416506547,-0.6270576403959385,-0.8147400426846423,1.1578428613934848,1.479043236119423,-0.06421042520716432,0
-1.070020761193285,-0.6675247233333842,-0.07121049599408058,2.676526516423143,2.161512419869881,-0.6270576403959385,-0.8147400426846423,0.9689833034629758,1.479043236119423,-0.06421042520716432,0
-1.070020761193285,-0.6675247233333842,-0.07121049599408058,0.319008848874667,0.22438300136728287,-0.6270576403959385,-0.8147400426846423,0.594154895121302,1.479043236119423,-0.06421042520716432,0
-1.070020761193285,-0.6675247233333842,-0.07121049599408058,0.8629973110447136,0.671806655127953,-0.6270576403959385,-0.8147400426846423,1.2397462411082465,1.479043236119423,-0.06421042520716432,0
-1.070020761193285,-0.6675247233333842,-0.07121049599408058,0.7132079927031915,0.5486068287210939,-0.6270576403959385,-0.8147400426846423,0.6510054763350777,1.479043236119423,-0.06421042520716432,0
-1.070020761193285,-0.6675247233333842,-0.07121049599408058,0.46499238742687193,0.34445262186508263,-0.6270576403959385,-0.8147400426846423,0.42553028982620456,1.479043236119423,-0.06421042520716432,0
-1.070020761193285,-0.6675247233333842,-0.07121049599408058,2.707931226488886,2.1944245906520305,-0.6270576403959385,-0.8147400426846423,3.72768184609077,1.479043236119423,-0.06421042520716432,0
-1.070020761193285,-0.6675247233333842,-0.07121049599408058,2.7393359365546295,2.2245220687089233,-0.6270576403959385,-0.8147400426846423,2.8431253451713445,1.479043236119423,-0.06421042520716432,0
-1.070020761193285,-0.6675247233333842,-0.07121049599408058,1.1923377203864116,0.9426849908391162,-0.6270576403959385,-0.8147400426846423,1.9258074923660145,1.479043236119423,-0.06421042520716432,0
-1.070020761193285,-0.6675247233333842,-0.07121049599408058,2.833550066751859,2.294778963683496,-0.6270576403959385,-0.8147400426846423,1.242636948627591,1.479043236119423,-0.06421042520716432,0
-1.070020761193285,-0.6675247233333842,-0.07121049599408058,1.4520240530377941,1.156273726385258,-0.6270576403959385,-0.8147400426846423,4.752919446284962,1.479043236119423,-0.06421042520716432,0
-1.070020761193285,-0.6675247233333842,-0.07121049599408058,0.2448959314492175,0.16342606089638012,-0.6270576403959385,-0.8147400426846423,2.002893026215202,1.479043236119423,-0.06421042520716432,0
-1.070020761193285,-0.6675247233333842,-0.07121049599408058,1.8694199719092794,1.4995766088421558,-0.6270576403959385,-0.8147400426846423,1.9633866901174932,1.479043236119423,-0.06421042520716432,0
-1.070020761193285,-0.6675247233333842,-0.07121049599408058,1.4373323015748383,1.1441899459802893,-0.6270576403959385,-0.8147400426846423,1.414152261442033,1.479043236119423,-0.06421042520716432,0
-1.070020761193285,-0.6675247233333842,-0.07121049599408058,1.2056870775176074,0.9536646688256111,-0.6270576403959385,-0.8147400426846423,1.756219317897802,1.479043236119423,-0.06421042520716432,0
-1.070020761193285,-0.6675247233333842,-0.07121049599408058,1.3725949462924156,1.0909442872034127,-0.6270576403959385,-0.8147400426846423,0.2935213131094711,1.479043236119423,-0.06421042520716432,0
-1.070020761193285,-0.6675247233333842,-0.07121049599408058,1.3861939708686342,1.1021293135166563,-0.6270576403959385,-0.8147400426846423,0.9651290267705164,1.479043236119423,-0.06421042520716432,0
-1.070020761193285,-0.6675247233333842,-0.07121049599408058,1.4388686199912544,1.1454535485141935,-0.6270576403959385,-0.8147400426846423,0.9603111809049422,1.479043236119423,-0.06421042520716432,0
-1.070020761193285,-0.6675247233333842,-0.07121049599408058,0.8236169037871238,0.6394167665051568,-0.6270576403959385,-0.8147400426846423,1.0932837267947904,1.479043236119423,-0.06421042520716432,0
-1.070020761193285,-0.6675247233333842,-0.07121049599408058,1.616966929103789,1.291937163026625,-0.6270576403959385,-0.8147400426846423,2.324725130035559,1.479043236119423,-0.06421042520716432,0
-1.070020761193285,-0.6675247233333842,-0.07121049599408058,2.7393359365546295,2.220795836052729,-0.6270576403959385,-0.8147400426846423,2.4104827864427802,1.479043236119423,-0.06421042520716432,0
-1.070020761193285,-0.6675247233333842,-0.07121049599408058,1.3922241462719078,1.1070890567821432,-0.6270576403959385,-0.8147400426846423,0.5353771755612966,1.479043236119423,-0.06421042520716432,0
-1.070020761193285,-0.6675247233333842,-0.07121049599408058,0.88709493019591,0.691626643155918,-0.6270576403959385,-0.8147400426846423,1.4478771825010526,1.479043236119423,-0.06421042520716432,0
-1.070020761193285,-0.6675247233333842,-0.07121049599408058,0.027107093567193874,-0.015702513273645302,-0.6270576403959385,-0.8147400426846423,0.5093608078871958,1.479043236119423,-0.06421042520716432,0
-1.070020761193285,-0.6675247233333842,-0.07121049599408058,1.444462112901064,1.150054125932707,-0.6270576403959385,-0.8147400426846423,1.285997561417759,1.479043236119423,-0.06421042520716432,0
-1.070020761193285,-0.6675247233333842,-0.07121049599408058,1.4353839533623596,1.1425874541323044,-0.6270576403959385,-0.8147400426846423,0.771451622974433,1.479043236119423,-0.06421042520716432,0
-1.070020761193285,-0.6675247233333842,-0.07121049599408058,2.770740646620373,2.2367790391177724,-0.6270576403959385,-0.8147400426846423,2.6128323127968973,1.479043236119423,-0.06421042520716432,0
-1.070020761193285,-0.6675247233333842,-0.07121049599408058,2.833550066751859,2.2942955556413454,-0.6270576403959385,-0.8147400426846423,8.980097408739777,1.479043236119423,-0.06421042520716432,0
-1.070020761193285,-0.6675247233333842,-0.07121049599408058,-0.040146564109246316,-0.0710177990543868,-0.6270576403959385,-0.8147400426846423,3.933885649137346,1.479043236119423,-0.06421042520716432,0
-1.070020761193285,-0.6675247233333842,-0.07121049599408058,1.4296989157227082,1.1379115823273165,-0.6270576403959385,-0.8147400426846423,0.3918053687671851,1.479043236119423,-0.06421042520716432,0
-1.070020761193285,-0.6675247233333842,-0.07121049599408058,1.4381626421089764,1.144872890604092,-0.6270576403959385,-0.8147400426846423,1.1250815095075803,1.479043236119423,-0.06421042520716432,0
-1.070020761193285,-0.6675247233333842,-0.07121049599408058,1.4483746687046046,1.1532721537676713,-0.6270576403959385,-0.8147400426846423,1.0142710545993734,1.479043236119423,-0.06421042520716432,0
-1.070020761193285,-0.6675247233333842,-0.07121049599408058,1.4015098909441468,1.1147264647384962,-0.6270576403959385,-0.8147400426846423,0.8764806628439509,1.479043236119423,-0.06421042520716432,0
-1.070020761193285,-0.6675247233333842,-0.07121049599408058,1.42877294784642,1.1371499854198726,-0.6270576403959385,-0.8147400426846423,0.6683497214511449,1.479043236119423,-0.06421042520716432,0
-1.070020761193285,-0.6675247233333842,-0.07121049599408058,1.2199203202136035,0.9653713315487522,-0.6270576403959385,-0.8147400426846423,0.6008998793331058,1.479043236119423,-0.06421042520716432,0
-1.070020761193285,-0.6675247233333842,-0.07121049599408058,0.04787094572136135,0.0013754934177170552,-0.6270576403959385,-0.8147400426846423,1.4363143524236743,1.479043236119423,-0.06421042520716432,0
-1.070020761193285,-0.6675247233333842,-0.07121049599408058,0.5536896522068526,0.4174050042154848,-0.6270576403959385,-0.8147400426846423,0.1094796010445362,1.479043236119423,-0.06421042520716432,0
-1.070020761193285,-0.6675247233333842,-0.07121049599408058,1.1478966011252776,0.9061327303780944,-0.6270576403959385,-0.8147400426846423,0.01794052959862616,1.479043236119423,-0.06421042520716432,0
-1.070020761193285,-0.6675247233333842,-0.07121049599408058,2.707931226488886,2.1811855644717375,-0.6270576403959385,-0.8147400426846423,1.3341760200735011,1.479043236119423,-0.06421042520716432,0
-1.070020761193285,-0.6675247233333842,-0.07121049599408058,2.2481976758364706,1.8111164962473503,-0.6270576403959385,-0.8147400426846423,-0.12081343132991117,1.479043236119423,-0.06421042520716432,0
-1.070020761193285,-0.6675247233333842,-0.07121049599408058,1.4292586216875867,1.1375494460328492,-0.6270576403959385,-0.8147400426846423,2.1705540623371844,1.479043236119423,-0.06421042520716432,0
-1.070020761193285,-0.6675247233333842,-0.07121049599408058,1.3909590075269094,1.1060484961100594,-0.6270576403959385,-0.8147400426846423,1.413188692268918,1.479043236119423,-0.06421042520716432,0
-1.070020761193285,-0.6675247233333842,-0.07121049599408058,2.707931226488886,2.2008295211982194,-0.6270576403959385,-0.8147400426846423,2.0501079156978292,1.479043236119423,-0.06421042520716432,0
-1.070020761193285,-0.6675247233333842,-0.07121049599408058,1.2053160308681805,0.9533594876330911,-0.6270576403959385,-0.8147400426846423,0.4091496138832522,1.479043236119423,-0.06421042520716432,0
-1.070020761193285,-0.6675247233333842,-0.07121049599408058,1.0924380814788797,0.8605187969623653,-0.6270576403959385,-0.8147400426846423,0.3436269101114429,1.479043236119423,-0.06421042520716432,0
-1.070020761193285,-0.6675247233333842,-0.07121049599408058,1.3933170301821958,1.1079879400237593,-0.6270576403959385,-0.8147400426846423,1.2869611305908737,1.479043236119423,-0.06421042520716432,0
-1.070020761193285,-0.6675247233333842,-0.07121049599408058,2.7393359365546295,2.2140704846268777,-0.6270576403959385,-0.8147400426846423,2.1387562796243946,1.479043236119423,-0.06421042520716432,0
-1.070020761193285,-0.6675247233333842,-0.07121049599408058,2.707931226488886,2.198415322285068,-0.6270576403959385,-0.8147400426846423,2.6272858503936196,1.479043236119423,-0.06421042520716432,0
-1.070020761193285,-0.6675247233333842,-0.07121049599408058,1.4181280073225355,1.1283946560067046,-0.6270576403959385,-0.8147400426846423,1.5827768667371305,1.479043236119423,-0.06421042520716432,0
-1.070020761193285,-0.6675247233333842,-0.07121049599408058,1.43159136355127,1.1394680968140922,-0.6270576403959385,-0.8147400426846423,1.4122251230958034,1.479043236119423,-0.06421042520716432,0
-1.070020761193285,-0.6675247233333842,-0.07121049599408058,2.0114573516181733,1.6164005634283094,-0.6270576403959385,-0.8147400426846423,0.5585028357160529,1.479043236119423,-0.06421042520716432,0
-1.070020761193285,-0.6675247233333842,-0.07121049599408058,1.1034507711576338,0.8695765954203415,-0.6270576403959385,-0.8147400426846423,0.23956143941503993,1.479043236119423,-0.06421042520716432,0
-1.070020761193285,-0.6675247233333842,-0.07121049599408058,1.0680363077106965,0.8404486455954621,-0.6270576403959385,-0.8147400426846423,0.599936310159991,1.479043236119423,-0.06421042520716432,0
-1.070020761193285,-0.6675247233333842,-0.07121049599408058,0.9963465777139197,0.7814847462430394,-0.6270576403959385,-0.8147400426846423,0.594154895121302,1.479043236119423,-0.06421042520716432,0
-1.070020761193285,-0.6675247233333842,-0.07121049599408058,1.3746759794049221,1.0926559107093237,-0.6270576403959385,-0.8147400426846423,0.8013222673409931,1.479043236119423,-0.06421042520716432,0
-1.070020761193285,-0.6675247233333842,-0.07121049599408058,1.412851230913739,1.1240545739184125,-0.6270576403959385,-0.8147400426846423,0.2809949138589782,1.479043236119423,-0.06421042520716432,0
-1.070020761193285,-0.6675247233333842,-0.07121049599408058,1.4262817692204548,1.1351010223985734,-0.6270576403959385,-0.8147400426846423,0.5363407447344114,1.479043236119423,-0.06421042520716432,0
-1.070020761193285,-0.6675247233333842,-0.07121049599408058,2.7393359365546295,2.210963009098641,-0.6270576403959385,-0.8147400426846423,1.5933761276413938,1.479043236119423,-0.06421042520716432,0
-1.070020761193285,-0.6675247233333842,-0.07121049599408058,1.3760190018308838,1.0937605297273616,-0.6270576403959385,-0.8147400426846423,0.8350471884000127,1.479043236119423,-0.06421042520716432,0
-1.070020761193285,-0.6675247233333842,-0.07121049599408058,2.802145356686116,2.2651936940944553,-0.6270576403959385,-0.8147400426846423,1.658898831413203,1.479043236119423,-0.06421042520716432,0
-1.070020761193285,-0.6675247233333842,-0.07121049599408058,0.13050050646953976,0.06933726567867463,-0.6270576403959385,-0.8147400426846423,0.3407362025920984,1.479043236119423,-0.06421042520716432,0
-1.070020761193285,-0.6675247233333842,-0.07121049599408058,0.10339996894185695,0.047047415134521556,-0.6270576403959385,-0.8147400426846423,0.4216760131337452,1.479043236119423,-0.06421042520716432,0
-1.070020761193285,-0.6675247233333842,-0.07121049599408058,1.373549021384213,1.0917290019413526,-0.6270576403959385,-0.8147400426846423,0.7618159312432846,1.479043236119423,-0.06421042520716432,0
-1.070020761193285,-0.6675247233333842,-0.07121049599408058,1.1247678172796094,0.8871095971778264,-0.6270576403959385,-0.8147400426846423,-0.23740530127680712,1.479043236119423,-0.06421042520716432,0
-1.070020761193285,-0.6675247233333842,-0.07121049599408058,1.3678200171504697,1.0870169681668742,-0.6270576403959385,-0.8147400426846423,1.775490701360099,1.479043236119423,-0.06421042520716432,0
-1.070020761193285,-0.6675247233333842,-0.07121049599408058,2.770740646620373,2.2348435988506945,-0.6270576403959385,-0.8147400426846423,1.7263486735312419,1.479043236119423,-0.06421042520716432,0
-1.070020761193285,-0.6675247233333842,-0.07121049599408058,1.0790146092319286,0.849478160227301,-0.6270576403959385,-0.8147400426846423,1.5721776058328671,1.479043236119423,-0.06421042520716432,0
-1.070020761193285,-0.6675247233333842,-0.07121049599408058,1.3713514767973627,1.0899215492162921,-0.6270576403959385,-0.8147400426846423,1.592412558468279,1.479043236119423,-0.06421042520716432,0
-1.070020761193285,-0.6675247233333842,-0.07121049599408058,1.4132054760432806,1.1243459360725914,-0.6270576403959385,-0.8147400426846423,0.020831237117970688,1.479043236119423,-0.06421042520716432,0
-1.070020761193285,-0.6675247233333842,-0.07121049599408058,1.3615590171282128,1.0818673745615632,-0.6270576403959385,-0.8147400426846423,1.1954220591449638,1.479043236119423,-0.06421042520716432,0
-1.070020761193285,-0.6675247233333842,-0.07121049599408058,0.23699544853797846,0.15692801327875375,-0.6270576403959385,-0.8147400426846423,0.39373250711341473,1.479043236119423,-0.06421042520716432,0
-1.070020761193285,-0.6675247233333842,-0.07121049599408058,1.3453359720024511,1.0685241244192036,-0.6270576403959385,-0.8147400426846423,0.942966935788875,1.479043236119423,-0.06421042520716432,0
-1.070020761193285,-0.6675247233333842,-0.07121049599408058,1.3019491088582242,1.032838976326603,-0.6270576403959385,-0.8147400426846423,0.9564569042124828,1.479043236119423,-0.06421042520716432,0
-1.070020761193285,-0.6675247233333842,-0.07121049599408058,2.7393359365546295,2.2220669292803135,-0.6270576403959385,-0.8147400426846423,2.8932309421733162,1.479043236119423,-0.06421042520716432,0
-1.070020761193285,-0.6675247233333842,-0.07121049599408058,1.39543527787613,1.109730172053846,-0.6270576403959385,-0.8147400426846423,1.0441416989659336,1.479043236119423,-0.06421042520716432,0
-1.070020761193285,-0.6675247233333842,-0.07121049599408058,-0.05259821760321286,-0.08125912711382424,-0.6270576403959385,-0.8147400426846423,2.1782626157221032,1.479043236119423,-0.06421042520716432,0
-1.070020761193285,-0.6675247233333842,-0.07121049599408058,2.6137170962916563,2.100491033603351,-0.6270576403959385,-0.8147400426846423,1.5259262855233546,1.479043236119423,-0.06421042520716432,0
-1.070020761193285,-0.6675247233333842,-0.07121049599408058,1.4102796562300057,1.1219394861529024,-0.6270576403959385,-0.8147400426846423,0.24341571610749932,1.479043236119423,-0.06421042520716432,0
-1.070020761193285,-0.6675247233333842,-0.07121049599408058,2.770740646620373,2.2378329022286327,-0.6270576403959385,-0.8147400426846423,0.39758678380587414,1.479043236119423,-0.06421042520716432,0
-1.070020761193285,-0.6675247233333842,-0.07121049599408058,1.4076421316551342,1.1197701554331572,-0.6270576403959385,-0.8147400426846423,1.5413433922931923,1.479043236119423,-0.06421042520716432,0
-1.070020761193285,-0.6675247233333842,-0.07121049599408058,1.2730817423422427,1.0090959312085037,-0.6270576403959385,-0.8147400426846423,1.5866311434295899,1.479043236119423,-0.06421042520716432,0
-1.070020761193285,-0.6675247233333842,-0.07121049599408058,1.4757947491572063,1.1758248243400844,-0.6270576403959385,-0.8147400426846423,1.8429405434781378,1.479043236119423,-0.06421042520716432,0
-1.070020761193285,-0.6675247233333842,-0.07121049599408058,0.45851390978740975,0.33912415566068566,-0.6270576403959385,-0.8147400426846423,1.4806385343869573,1.479043236119423,-0.06421042520716432,0
-1.070020761193285,-0.6675247233333842,-0.07121049599408058,1.4037674185272229,1.1165832527219326,-0.6270576403959385,-0.8147400426846423,0.520923637964574,1.479043236119423,-0.06421042520716432,0
-1.070020761193285,-0.6675247233333842,-0.07121049599408058,1.3940492309973784,1.108590165965664,-0.6270576403959385,-0.8147400426846423,1.224329134338409,1.479043236119423,-0.06421042520716432,0
-1.070020761193285,-0.6675247233333842,-0.07121049599408058,2.465789606186382,1.9900831164540156,-0.6270576403959385,-0.8147400426846423,2.239931042801453,1.479043236119423,-0.06421042520716432,0
-1.070020761193285,-0.6675247233333842,-0.07121049599408058,1.3881217489960198,1.1037148867289153,-0.6270576403959385,-0.8147400426846423,0.5874099109094981,1.479043236119423,-0.06421042520716432,0
-1.070020761193285,-0.6675247233333842,-0.07121049599408058,1.3801614401121056,1.097167633002804,-0.6270576403959385,-0.8147400426846423,1.3717552178249799,1.479043236119423,-0.06421042520716432,0
-1.070020761193285,-0.6675247233333842,-0.07121049599408058,0.5664688568268048,0.4279157389476251,-0.6270576403959385,-0.8147400426846423,2.333397252593593,1.479043236119423,-0.06421042520716432,0
-1.070020761193285,-0.6675247233333842,-0.07121049599408058,2.770740646620373,2.2298155352928495,-0.6270576403959385,-0.8147400426846423,1.0181253312918328,1.479043236119423,-0.06421042520716432,0
-1.070020761193285,-0.6675247233333842,-0.07121049599408058,1.4299046165736389,1.1380807686845749,-0.6270576403959385,-0.8147400426846423,1.8631754961135496,1.479043236119423,-0.06421042520716432,0
-1.070020761193285,-0.6675247233333842,-0.07121049599408058,2.707931226488886,2.190342937495703,-0.6270576403959385,-0.8147400426846423,2.393138541326713,1.479043236119423,-0.06421042520716432,0
-1.070020761193285,-0.6675247233333842,-0.07121049599408058,1.3669017434281474,1.086261699604091,-0.6270576403959385,-0.8147400426846423,0.7916865756098447,1.479043236119423,-0.06421042520716432,0
-1.070020761193285,-0.6675247233333842,-0.07121049599408058,1.4465153528451622,1.1517428899079043,-0.6270576403959385,-0.8147400426846423,0.8099943898990267,1.479043236119423,-0.06421042520716432,0
-1.070020761193285,-0.6675247233333842,-0.07121049599408058,-0.1705174080758173,-0.17824617503628695,-0.6270576403959385,-0.8147400426846423,0.17596587398946034,1.479043236119423,-0.06421042520716432,0
-1.070020761193285,-0.6675247233333842,-0.07121049599408058,1.4202790729384887,1.130163880364018,-0.6270576403959385,-0.8147400426846423,1.511472747926632,1.479043236119423,-0.06421042520716432,0
-1.070020761193285,-0.6675247233333842,-0.07121049599408058,0.18648034430302912,0.11537997673264583,-0.6270576403959385,-0.8147400426846423,0.05166545065764565,1.479043236119423,-0.06421042520716432,0
-1.070020761193285,-0.6675247233333842,-0.07121049599408058,2.802145356686116,2.258060874762383,-0.6270576403959385,-0.8147400426846423,0.9458576433082195,1.479043236119423,-0.06421042520716432,0
-1.070020761193285,-0.6675247233333842,-0.07121049599408058,1.9362498230233824,1.554543319066989,-0.6270576403959385,-0.8147400426846423,1.0316152997154404,1.479043236119423,-0.06421042520716432,0
-1.070020761193285,-0.6675247233333842,-0.07121049599408058,1.7421674586286864,1.3949130205463558,-0.6270576403959385,-0.8147400426846423,1.58470400508336,1.479043236119423,-0.06421042520716432,0
-1.070020761193285,-0.6675247233333842,-0.07121049599408058,1.6339025471009423,1.3058664953745098,-0.6270576403959385,-0.8147400426846423,1.0393238531003592,1.479043236119423,-0.06421042520716432,0
-1.070020761193285,-0.6675247233333842,-0.07121049599408058,2.7393359365546295,2.2262302051677763,-0.6270576403959385,-0.8147400426846423,0.6490783379888481,1.479043236119423,-0.06421042520716432,0
-1.070020761193285,-0.6675247233333842,-0.07121049599408058,1.3909767511880966,1.1060630900477466,-0.6270576403959385,-0.8147400426846423,1.1241179403344654,1.479043236119423,-0.06421042520716432,0
-1.070020761193285,-0.6675247233333842,-0.07121049599408058,1.4835366382826134,1.1821924305677636,-0.6270576403959385,-0.8147400426846423,1.9922937653109385,1.479043236119423,-0.06421042520716432,0
-1.070020761193285,-0.6675247233333842,-0.07121049599408058,1.3966685408404118,1.110744515298049,-0.6270576403959385,-0.8147400426846423,2.294854485668999,1.479043236119423,-0.06421042520716432,0
-1.070020761193285,-0.6675247233333842,-0.07121049599408058,0.7745462591916483,0.5990567798066965,-0.6270576403959385,-0.8147400426846423,1.7639278712827209,1.479043236119423,-0.06421042520716432,0
-1.070020761193285,-0.6675247233333842,-0.07121049599408058,1.1228871462173222,0.8855627689328786,-0.6270576403959385,-0.8147400426846423,0.716528180106887,1.479043236119423,-0.06421042520716432,0
-1.070020761193285,-0.6675247233333842,-0.07121049599408058,0.7586631700523483,0.5859931391784315,-0.6270576403959385,-0.8147400426846423,1.1308629245462694,1.479043236119423,-0.06421042520716432,0
-1.070020761193285,-0.6675247233333842,-0.07121049599408058,0.6448141870278146,0.4923537855815342,-0.6270576403959385,-0.8147400426846423,-0.3983213531869858,1.479043236119423,-0.06421042520716432,0
-1.070020761193285,-0.6675247233333842,-0.07121049599408058,1.389731240386889,1.1050386731120425,-0.6270576403959385,-0.8147400426846423,0.5498307131580192,1.479043236119423,-0.06421042520716432,0
-1.070020761193285,-0.6675247233333842,-0.07121049599408058,1.3976767890570725,1.1115737867483966,-0.6270576403959385,-0.8147400426846423,0.122969569468144,1.479043236119423,-0.06421042520716432,0
-1.070020761193285,-0.6675247233333842,-0.07121049599408058,1.4375756880778476,1.1443901283113964,-0.6270576403959385,-0.8147400426846423,1.1510978771816809,1.479043236119423,-0.06421042520716432,0
-1.070020761193285,-0.6675247233333842,-0.07121049599408058,2.186615551774353,1.7604659753809675,-0.6270576403959385,-0.8147400426846423,2.2784738097260466,1.479043236119423,-0.06421042520716432,0
-1.070020761193285,-0.6675247233333842,-0.07121049599408058,1.3958801255942113,1.1100960536951534,-0.6270576403959385,-0.8147400426846423,0.8042129748603377,1.479043236119423,-0.06421042520716432,0
-1.070020761193285,-0.6675247233333842,-0.07121049599408058,2.707931226488886,2.196048004782363,-0.6270576403959385,-0.8147400426846423,2.0462536390053696,1.479043236119423,-0.06421042520716432,0
-1.070020761193285,-0.6675247233333842,-0.07121049599408058,-0.3097151739005668,-0.29273458299293065,-0.6270576403959385,-0.8147400426846423,-0.0032579922099003756,1.479043236119423,-0.06421042520716432,0
-1.070020761193285,-0.6675247233333842,-0.07121049599408058,1.3653288385245046,1.0849680051455752,-0.6270576403959385,-0.8147400426846423,1.7118951359345194,1.479043236119423,-0.06421042520716432,0
-1.070020761193285,-0.6675247233333842,-0.07121049599408058,2.770740646620373,2.2330955550755114,-0.6270576403959385,-0.8147400426846423,0.82059365080329,1.479043236119423,-0.06421042520716432,0
-1.070020761193285,-0.6675247233333842,-0.07121049599408058,1.439830546260568,1.146244720746685,-0.6270576403959385,-0.8147400426846423,2.3709764503450717,1.479043236119423,-0.06421042520716432,0
-1.070020761193285,-0.6675247233333842,-0.07121049599408058,2.7393359365546295,2.219792212249482,-0.6270576403959385,-0.8147400426846423,1.1414621854505325,1.479043236119423,-0.06421042520716432,0
-1.070020761193285,-0.6675247233333842,-0.07121049599408058,1.2881971433439856,1.0215281580194897,-0.6270576403959385,-0.8147400426846423,0.5903006184288426,1.479043236119423,-0.06421042520716432,0
-1.070020761193285,-0.6675247233333842,-0.07121049599408058,2.802145356686116,2.272180574049656,-0.6270576403959385,-0.8147400426846423,0.3946960762865296,1.479043236119423,-0.06421042520716432,0
-1.070020761193285,-0.6675247233333842,-0.07121049599408058,1.4291830933598786,1.1374873249352606,-0.6270576403959385,-0.8147400426846423,0.7675973462819736,1.479043236119423,-0.06421042520716432,0
-1.070020761193285,-0.6675247233333842,-0.07121049599408058,1.4646402672125052,1.166650403530502,-0.6270576403959385,-0.8147400426846423,1.420897245653837,1.479043236119423,-0.06421042520716432,0
-1.070020761193285,-0.6675247233333842,-0.07121049599408058,-0.1247668694284922,-0.14061693363390912,-0.6270576403959385,-0.8147400426846423,1.0345060072347851,1.479043236119423,-0.06421042520716432,0
-1.070020761193285,-0.6675247233333842,-0.07121049599408058,1.1632312070032793,0.9187452504369678,-0.6270576403959385,-0.8147400426846423,0.35711687853505075,1.479043236119423,-0.06421042520716432,0
-1.070020761193285,-0.6675247233333842,-0.07121049599408058,0.3574840153646117,0.2560283408682519,-0.6270576403959385,-0.8147400426846423,1.3987351546721956,1.479043236119423,-0.06421042520716432,0
-1.070020761193285,-0.6675247233333842,-0.07121049599408058,1.412965858105479,1.1241488533388693,-0.6270576403959385,-0.8147400426846423,0.5055065311947365,1.479043236119423,-0.06421042520716432,0
-1.070020761193285,-0.6675247233333842,-0.07121049599408058,1.454953170345626,1.1586828884526588,-0.6270576403959385,-0.8147400426846423,2.2601659954368647,1.479043236119423,-0.06421042520716432,0
-1.070020761193285,-0.6675247233333842,-0.07121049599408058,1.1382789086676437,0.8982222995520893,-0.6270576403959385,-0.8147400426846423,1.1568792922203701,1.479043236119423,-0.06421042520716432,0
-1.070020761193285,-0.6675247233333842,-0.07121049599408058,2.3784520083286975,1.9182490430101011,-0.6270576403959385,-0.8147400426846423,2.337251529286052,1.479043236119423,-0.06421042520716432,0
-1.070020761193285,-0.6675247233333842,-0.07121049599408058,1.4210329430036168,1.1307839289908856,-0.6270576403959385,-0.8147400426846423,1.0903930192754459,1.479043236119423,-0.06421042520716432,0
-1.070020761193285,-0.6675247233333842,-0.07121049599408058,2.7393359365546295,2.2200853825021354,-0.6270576403959385,-0.8147400426846423,0.7454352553003323,1.479043236119423,-0.06421042520716432,0
-1.070020761193285,-0.6675247233333842,-0.07121049599408058,0.36227653114419445,0.25997012469258657,-0.6270576403959385,-0.8147400426846423,1.1038829876990537,1.479043236119423,-0.06421042520716432,0
-1.070020761193285,-0.6675247233333842,-0.07121049599408058,0.23389847305484518,0.15438078997783464,-0.6270576403959385,-0.8147400426846423,1.3881358937679322,1.479043236119423,-0.06421042520716432,0
-1.070020761193285,-0.6675247233333842,-0.07121049599408058,1.773497268460923,1.4206813942556946,-0.6270576403959385,-0.8147400426846423,0.594154895121302,1.479043236119423,-0.06421042520716432,0
-1.070020761193285,-0.6675247233333842,-0.07121049599408058,1.4035351806962866,1.1163922400330892,-0.6270576403959385,-0.8147400426846423,0.24726999279995868,1.479043236119423,-0.06421042520716432,0
-1.070020761193285,-0.6675247233333842,-0.07121049599408058,0.17967777005568847,0.10978494515314888,-0.6270576403959385,-0.8147400426846423,0.6866575357403268,1.479043236119423,-0.06421042520716432,0
-1.070020761193285,-0.6675247233333842,-0.07121049599408058,0.41849630096258605,0.306210176780062,-0.6270576403959385,-0.8147400426846423,0.4852715785593248,1.479043236119423,-0.06421042520716432,0
-1.070020761193285,-0.6675247233333842,-0.07121049599408058,1.4435055254324614,1.1492673447965107,-0.6270576403959385,-0.8147400426846423,1.3014146681875964,1.479043236119423,-0.06421042520716432,0
-1.070020761193285,-0.6675247233333842,-0.07121049599408058,-0.20542515652584392,-0.2069573581627905,-0.6270576403959385,-0.8147400426846423,1.0142710545993734,1.479043236119423,-0.06421042520716432,0
-1.070020761193285,-0.6675247233333842,-0.07121049599408058,1.39106437032918,1.1061351556869452,-0.6270576403959385,-0.8147400426846423,1.0701580666400343,1.479043236119423,-0.06421042520716432,0
-1.070020761193285,-0.6675247233333842,-0.07121049599408058,1.8415657213400187,1.476666838821026,-0.6270576403959385,-0.8147400426846423,1.8891918637876504,1.479043236119423,-0.06421042520716432,0
-1.070020761193285,-0.6675247233333842,-0.07121049599408058,1.3880432372208555,1.103650311783397,-0.6270576403959385,-0.8147400426846423,0.20390938000979078,1.479043236119423,-0.06421042520716432,0
-1.070020761193285,-0.6675247233333842,-0.07121049599408058,1.5741722017678517,1.2567390391731241,-0.6270576403959385,-0.8147400426846423,0.1846379965474939,1.479043236119423,-0.06421042520716432,0
-1.070020761193285,-0.6675247233333842,-0.07121049599408058,1.275883984621409,1.0114007401639467,-0.6270576403959385,-0.8147400426846423,1.8940097096532247,1.479043236119423,-0.06421042520716432,0
-1.070020761193285,-0.6675247233333842,-0.07121049599408058,2.707931226488886,2.1781478298846606,-0.6270576403959385,-0.8147400426846423,0.29641202062881566,1.479043236119423,-0.06421042520716432,0
-1.070020761193285,-0.6675247233333842,-0.07121049599408058,2.707931226488886,2.192712063096882,-0.6270576403959385,-0.8147400426846423,0.17018445895077128,1.479043236119423,-0.06421042520716432,0
-1.070020761193285,-0.6675247233333842,-0.07121049599408058,0.512160691710115,0.38324795763363184,-0.6270576403959385,-0.8147400426846423,0.5874099109094981,1.479043236119423,-0.06421042520716432,0
-1.070020761193285,-0.6675247233333842,-0.07121049599408058,1.4057454441907136,1.1182101538993234,-0.6270576403959385,-0.8147400426846423,0.490089424424899,1.479043236119423,-0.06421042520716432,0
-1.070020761193285,-0.6675247233333842,-0.07121049599408058,0.2630329366299359,0.1783435190605876,-0.6270576403959385,-0.8147400426846423,0.17211159729700096,1.479043236119423,-0.06421042520716432,0
-1.070020761193285,-0.6675247233333842,-0.07121049599408058,1.3849856746488547,1.101135505105128,-0.6270576403959385,-0.8147400426846423,0.6818396898747526,1.479043236119423,-0.06421042520716432,0
-1.070020761193285,-0.6675247233333842,-0.07121049599408058,1.2380089621408206,0.9802490115465203,-0.6270576403959385,-0.8147400426846423,0.8495007259967353,1.479043236119423,-0.06421042520716432,0
-1.070020761193285,-0.6675247233333842,-0.07121049599408058,1.4423090059789565,1.1482832226268103,-0.6270576403959385,-0.8147400426846423,2.7400234436480564,1.479043236119423,-0.06421042520716432,0
-1.070020761193285,-0.6675247233333842,-0.07121049599408058,0.47080555628359133,0.34923387998115657,-0.6270576403959385,-0.8147400426846423,-0.08612494109777684,1.479043236119423,-0.06421042520716432,0
-1.070020761193285,-0.6675247233333842,-0.07121049599408058,1.426158662756997,1.1349997688840006,-0.6270576403959385,-0.8147400426846423,0.7704880538013182,1.479043236119423,-0.06421042520716432,0
-1.070020761193285,-0.6675247233333842,-0.07121049599408058,1.2614126942231145,0.9994982862059937,-0.6270576403959385,-0.8147400426846423,0.43612955073046783,1.479043236119423,-0.06421042520716432,0
-1.070020761193285,-0.6675247233333842,-0.07121049599408058,1.4224543201811923,1.131952993804551,-0.6270576403959385,-0.8147400426846423,1.1684421222977481,1.479043236119423,-0.06421042520716432,0
-1.070020761193285,-0.6675247233333842,-0.07121049599408058,1.426988846267585,1.1356825843579121,-0.6270576403959385,-0.8147400426846423,0.5864463417363832,1.479043236119423,-0.06421042520716432,0
-1.070020761193285,-0.6675247233333842,-0.07121049599408058,0.3649663445613254,0.2621824623260472,-0.6270576403959385,-0.8147400426846423,0.22318076347208762,1.479043236119423,-0.06421042520716432,0
-1.070020761193285,-0.6675247233333842,-0.07121049599408058,3.8385007888556437,3.1137071867074275,-0.6270576403959385,-0.8147400426846423,0.9024970305180516,1.479043236119423,-0.06421042520716432,0
-1.070020761193285,-0.6675247233333842,-0.07121049599408058,1.3725933760569125,1.0909429957045025,-0.6270576403959385,-0.8147400426846423,1.059558805735771,1.479043236119423,-0.06421042520716432,0
-1.070020761193285,-0.6675247233333842,-0.07121049599408058,0.8768238627453583,0.6831788196333088,-0.6270576403959385,-0.8147400426846423,0.053592589003875334,1.479043236119423,-0.06421042520716432,0
-1.070020761193285,-0.6675247233333842,-0.07121049599408058,2.418060727828465,1.950826715574465,-0.6270576403959385,-0.8147400426846423,0.5633206815816271,1.479043236119423,-0.06421042520716432,0
-1.070020761193285,-0.6675247233333842,-0.07121049599408058,0.8927499763374483,0.6962778473317179,-0.6270576403959385,-0.8147400426846423,1.3573016802282574,1.479043236119423,-0.06421042520716432,0
-1.070020761193285,-0.6675247233333842,-0.07121049599408058,1.4009380111738496,1.1142561008353402,-0.6270576403959385,-0.8147400426846423,0.2675049454353704,1.479043236119423,-0.06421042520716432,0
-1.070020761193285,-0.6675247233333842,-0.07121049599408058,2.833550066751859,2.2934182404315324,-0.6270576403959385,-0.8147400426846423,0.5353771755612966,1.479043236119423,-0.06421042520716432,0
-1.070020761193285,-0.6675247233333842,-0.07121049599408058,1.3887837602842057,1.1042593826695264,-0.6270576403959385,-0.8147400426846423,0.8899706312675587,1.479043236119423,-0.06421042520716432,0
-1.070020761193285,-0.6675247233333842,-0.07121049599408058,1.3982069005629822,1.112009796780537,-0.6270576403959385,-0.8147400426846423,1.1414621854505325,1.479043236119423,-0.06421042520716432,0
-1.070020761193285,-0.6675247233333842,-0.07121049599408058,1.3735683352809034,1.09174488737795,-0.6270576403959385,-0.8147400426846423,0.08153609502420577,1.479043236119423,-0.06421042520716432,0
-1.070020761193285,-0.6675247233333842,-0.07121049599408058,0.7677504369569718,0.5934673016725142,-0.6270576403959385,-0.8147400426846423,1.3505566960164535,1.479043236119423,-0.06421042520716432,0
-1.070020761193285,-0.6675247233333842,-0.07121049599408058,1.394065247399512,1.1086033392545498,-0.6270576403959385,-0.8147400426846423,0.245342854453729,1.479043236119423,-0.06421042520716432,0
-1.070020761193285,-0.6675247233333842,-0.07121049599408058,1.364229359625103,1.0840636976085354,-0.6270576403959385,-0.8147400426846423,0.2588328228773368,1.479043236119423,-0.06421042520716432,0
-1.070020761193285,-0.6675247233333842,-0.07121049599408058,1.3918700581659167,1.106797823777855,-0.6270576403959385,-0.8147400426846423,0.21161793339470952,1.479043236119423,-0.06421042520716432,0
-1.070020761193285,-0.6675247233333842,-0.07121049599408058,1.3828550220944444,1.0993830702336493,-0.6270576403959385,-0.8147400426846423,1.2281834110308685,1.479043236119423,-0.06421042520716432,0
-1.070020761193285,-0.6675247233333842,-0.07121049599408058,1.2812034714358949,1.0157759510226008,-0.6270576403959385,-0.8147400426846423,0.6625683064124558,1.479043236119423,-0.06421042520716432,0
-1.070020761193285,-0.6675247233333842,-0.07121049599408058,1.524627189026833,1.2159888906538416,-0.6270576403959385,-0.8147400426846423,-0.03987362078826439,1.479043236119423,-0.06421042520716432,0
-1.070020761193285,-0.6675247233333842,-0.07121049599408058,1.1006766360939764,0.867294904295394,-0.6270576403959385,-0.8147400426846423,0.3561533093619359,1.479043236119423,-0.06421042520716432,0
-1.070020761193285,-0.6675247233333842,-0.07121049599408058,2.7393359365546295,2.2097779296984874,-0.6270576403959385,-0.8147400426846423,0.5691020966203161,1.479043236119423,-0.06421042520716432,0
-1.070020761193285,-0.6675247233333842,-0.07121049599408058,1.303893688505495,1.034438368577203,-0.6270576403959385,-0.8147400426846423,0.8225207891495196,1.479043236119423,-0.06421042520716432,0
-1.070020761193285,-0.6675247233333842,-0.07121049599408058,1.4193011302670413,1.1293595348426406,-0.6270576403959385,-0.8147400426846423,0.7194188876262315,1.479043236119423,-0.06421042520716432,0
-1.070020761193285,-0.6675247233333842,-0.07121049599408058,-0.37757070284541694,-0.34854490030601626,-0.6270576403959385,-0.8147400426846423,0.0709368341199425,1.479043236119423,-0.06421042520716432,0
-1.070020761193285,-0.6675247233333842,-0.07121049599408058,0.8002852455144308,0.6202267716456693,-0.6270576403959385,-0.8147400426846423,0.6346248003921254,1.479043236119423,-0.06421042520716432,0
-1.070020761193285,-0.6675247233333842,-0.07121049599408058,1.1530642461665956,0.910383053292116,-0.6270576403959385,-0.8147400426846423,0.4920165627711287,1.479043236119423,-0.06421042520716432,0
-1.070020761193285,-0.6675247233333842,-0.07121049599408058,1.4046995103219742,1.1173498864751272,-0.6270576403959385,-0.8147400426846423,0.1316416920261776,1.479043236119423,-0.06421042520716432,0
-1.070020761193285,-0.6675247233333842,-0.07121049599408058,1.3678129510907049,1.0870111564217777,-0.6270576403959385,-0.8147400426846423,1.5345984080813884,1.479043236119423,-0.06421042520716432,0
-1.070020761193285,-0.6675247233333842,-0.07121049599408058,2.119562413171683,1.7053156140110801,-0.6270576403959385,-0.8147400426846423,2.6166865894893565,1.479043236119423,-0.06421042520716432,0
-1.070020761193285,-0.6675247233333842,-0.07121049599408058,1.4580636498540875,1.1612412186442072,-0.6270576403959385,-0.8147400426846423,1.7061137208958304,1.479043236119423,-0.06421042520716432,0
-1.070020761193285,-0.6675247233333842,-0.07121049599408058,-0.2950015961641151,-0.2806328507531079,-0.6270576403959385,-0.8147400426846423,0.6538961838544223,1.479043236119423,-0.06421042520716432,0
-1.070020761193285,-0.6675247233333842,-0.07121049599408058,1.4463908331697515,1.1516404740443122,-0.6270576403959385,-0.8147400426846423,1.6569716930669733,1.479043236119423,-0.06421042520716432,0
-1.070020761193285,-0.6675247233333842,-0.07121049599408058,0.8756899956884346,0.6822462282701319,-0.6270576403959385,-0.8147400426846423,0.6837668282209823,1.479043236119423,-0.06421042520716432,0
-1.070020761193285,-0.6675247233333842,-0.07121049599408058,2.7393359365546295,2.221625753252532,-0.6270576403959385,-0.8147400426846423,1.2994875298413668,1.479043236119423,-0.06421042520716432,0
-1.070020761193285,-0.6675247233333842,-0.07121049599408058,0.6469646245495664,0.4941224933392834,-0.6270576403959385,-0.8147400426846423,0.2588328228773368,1.479043236119423,-0.06421042520716432,0
-1.070020761193285,-0.6675247233333842,-0.07121049599408058,0.8839547732364363,0.6890439036349637,-0.6270576403959385,-0.8147400426846423,0.14705879879601505,1.479043236119423,-0.06421042520716432,0
-1.070020761193285,-0.6675247233333842,-0.07121049599408058,1.100906204524557,0.8674837214360899,-0.6270576403959385,-0.8147400426846423,0.9439305049619898,1.479043236119423,-0.06421042520716432,0
-1.070020761193285,-0.6675247233333842,-0.07121049599408058,1.4396184074440739,1.1460702392438944,-0.6270576403959385,-0.8147400426846423,2.4952768736768864,1.479043236119423,-0.06421042520716432,0
-1.070020761193285,-0.6675247233333842,-0.07121049599408058,1.2069702739708936,0.954720081735164,-0.6270576403959385,-0.8147400426846423,0.8755170936708361,1.479043236119423,-0.06421042520716432,0
-1.070020761193285,-0.6675247233333842,-0.07121049599408058,-0.31510422214784833,-0.2971670072533142,-0.6270576403959385,-0.8147400426846423,2.7621855346296975,1.479043236119423,-0.06421042520716432,0
-1.070020761193285,-0.6675247233333842,-0.07121049599408058,1.448817161069431,1.153636098160613,-0.6270576403959385,-0.8147400426846423,0.057446865696334705,1.479043236119423,-0.06421042520716432,0
-1.070020761193285,-0.6675247233333842,-0.07121049599408058,0.1503055728254001,0.08562668313536619,-0.6270576403959385,-0.8147400426846423,1.0884658809292163,1.479043236119423,-0.06421042520716432,0
-1.070020761193285,-0.6675247233333842,-0.07121049599408058,2.833550066751859,2.2998415102622483,-0.6270576403959385,-0.8147400426846423,0.11333387773699558,1.479043236119423,-0.06421042520716432,0
-1.070020761193285,-0.6675247233333842,-0.07121049599408058,1.9832497980606731,1.5932002061523467,-0.6270576403959385,-0.8147400426846423,1.108700833564628,1.479043236119423,-0.06421042520716432,0
-1.070020761193285,-0.6675247233333842,-0.07121049599408058,1.4038394923368236,1.1166425325219185,-0.6270576403959385,-0.8147400426846423,0.4448016732885014,1.479043236119423,-0.06421042520716432,0
-1.070020761193285,-0.6675247233333842,-0.07121049599408058,-0.25261073339962314,-0.24576690041935378,-0.6270576403959385,-0.8147400426846423,2.7698940880146163,1.479043236119423,-0.06421042520716432,0
-1.070020761193285,-0.6675247233333842,-0.07121049599408058,1.505015732708528,1.1998587150127986,-0.6270576403959385,-0.8147400426846423,1.5133998862728617,1.479043236119423,-0.06421042520716432,0
-1.070020761193285,-0.6675247233333842,-0.07121049599408058,2.802145356686116,2.2662965050140187,-0.6270576403959385,-0.8147400426846423,0.28195848303209303,1.479043236119423,-0.06421042520716432,0
-1.070020761193285,-0.6675247233333842,-0.07121049599408058,1.3110109379476944,1.0402922165383377,-0.6270576403959385,-0.8147400426846423,2.0780514217181594,1.479043236119423,-0.06421042520716432,0
-1.070020761193285,-0.6675247233333842,-0.07121049599408058,1.3952452793802324,1.1095739006856915,-0.6270576403959385,-0.8147400426846423,0.6538961838544223,1.479043236119423,-0.06421042520716432,0
-1.070020761193285,-0.6675247233333842,-0.07121049599408058,0.6651110511433044,0.509047700496953,-0.6270576403959385,-0.8147400426846423,1.12700864785381,1.479043236119423,-0.06421042520716432,0
-1.070020761193285,-0.6675247233333842,-0.07121049599408058,1.430395158144866,1.1384842329441738,-0.6270576403959385,-0.8147400426846423,1.6203560644886092,1.479043236119423,-0.06421042520716432,0
-1.070020761193285,-0.6675247233333842,-0.07121049599408058,1.564936704631718,1.2491429591819028,-0.6270576403959385,-0.8147400426846423,0.8918977696137883,1.479043236119423,-0.06421042520716432,0
-1.070020761193285,-0.6675247233333842,-0.07121049599408058,1.3969161669792802,1.1109481846762141,-0.6270576403959385,-0.8147400426846423,0.7907230064367299,1.479043236119423,-0.06421042520716432,0
-1.070020761193285,-0.6675247233333842,-0.07121049599408058,1.3337311465154074,1.0589793017221276,-0.6270576403959385,-0.8147400426846423,1.4546221667128565,1.479043236119423,-0.06421042520716432,0
-1.070020761193285,-0.6675247233333842,-0.07121049599408058,0.45567225459711097,0.33678693008259236,-0.6270576403959385,-0.8147400426846423,0.47081804096260216,1.479043236119423,-0.06421042520716432,0
-1.070020761193285,-0.6675247233333842,-0.07121049599408058,1.2062608415705085,0.9541365825274596,-0.6270576403959385,-0.8147400426846423,1.5875947126027046,1.479043236119423,-0.06421042520716432,0
-1.070020761193285,-0.6675247233333842,-0.07121049599408058,1.4072811345129286,1.1194732398336633,-0.6270576403959385,-0.8147400426846423,1.365010233613176,1.479043236119423,-0.06421042520716432,0
-1.070020761193285,-0.6675247233333842,-0.07121049599408058,1.4501187292781055,1.1547066216074173,-0.6270576403959385,-0.8147400426846423,0.765670207935744,1.479043236119423,-0.06421042520716432,0
-1.070020761193285,-0.6675247233333842,-0.07121049599408058,0.7011393196484766,0.5386804972458953,-0.6270576403959385,-0.8147400426846423,0.5276686221763779,1.479043236119423,-0.06421042520716432,0
-1.070020761193285,-0.6675247233333842,-0.07121049599408058,1.4778665178802433,1.177528828002424,-0.6270576403959385,-0.8147400426846423,0.545012867292445,1.479043236119423,-0.06421042520716432,0
-1.070020761193285,-0.6675247233333842,-0.07121049599408058,0.2066137469026268,0.13193944661149537,-0.6270576403959385,-0.8147400426846423,0.04973831231141596,1.479043236119423,-0.06421042520716432,0
-1.070020761193285,-0.6675247233333842,-0.07121049599408058,1.4497560048768463,1.1544082853591222,-0.6270576403959385,-0.8147400426846423,0.771451622974433,1.479043236119423,-0.06421042520716432,0
-1.070020761193285,-0.6675247233333842,-0.07121049599408058,1.3932108822621736,1.1079006346974185,-0.6270576403959385,-0.8147400426846423,0.5527214206773637,1.479043236119423,-0.06421042520716432,0
-1.070020761193285,-0.6675247233333842,-0.07121049599408058,2.802145356686116,2.2703936561572706,-0.6270576403959385,-0.8147400426846423,2.119484896162098,1.479043236119423,-0.06421042520716432,0
-1.070020761193285,-0.6675247233333842,-0.07121049599408058,1.306495568734442,1.036578382271683,-0.6270576403959385,-0.8147400426846423,1.237819102762017,1.479043236119423,-0.06421042520716432,0
-1.070020761193285,-0.6675247233333842,-0.07121049599408058,2.532723092843702,2.045135065606933,-0.6270576403959385,-0.8147400426846423,2.0578164690827476,1.479043236119423,-0.06421042520716432,0
-1.070020761193285,-0.6675247233333842,-0.07121049599408058,2.7393359365546295,2.2044187258200236,-0.6270576403959385,-0.8147400426846423,0.4785265943475209,1.479043236119423,-0.06421042520716432,0
-1.070020761193285,-0.6675247233333842,-0.07121049599408058,1.3900744938679077,1.1053209947738492,-0.6270576403959385,-0.8147400426846423,2.0549257615634033,1.479043236119423,-0.06421042520716432,0
-1.070020761193285,-0.6675247233333842,-0.07121049599408058,0.9674589551599457,0.7577250407889964,-0.6270576403959385,-0.8147400426846423,1.5962668351607383,1.479043236119423,-0.06421042520716432,0
-1.070020761193285,-0.6675247233333842,-0.07121049599408058,1.1754986718727103,0.928835085674219,-0.6270576403959385,-0.8147400426846423,0.8292657733613236,1.479043236119423,-0.06421042520716432,0
-1.070020761193285,-0.6675247233333842,-0.07121049599408058,1.2215627865500418,0.9667222394089974,-0.6270576403959385,-0.8147400426846423,0.802285836514108,1.479043236119423,-0.06421042520716432,0
-1.070020761193285,-0.6675247233333842,-0.07121049599408058,1.393808199847624,1.1083919208829225,-0.6270576403959385,-0.8147400426846423,2.2476395961863718,1.479043236119423,-0.06421042520716432,0
-1.070020761193285,-0.6675247233333842,-0.07121049599408058,1.3970632980459383,1.1110691981241156,-0.6270576403959385,-0.8147400426846423,0.7097831958950831,1.479043236119423,-0.06421042520716432,0
-1.070020761193285,-0.6675247233333842,-0.07121049599408058,1.4318126097336832,1.139650069010563,-0.6270576403959385,-0.8147400426846423,0.33495478755340935,1.479043236119423,-0.06421042520716432,0
-1.070020761193285,-0.6675247233333842,-0.07121049599408058,1.4813277880001392,1.1803756790505486,-0.6270576403959385,-0.8147400426846423,1.1616971380859442,1.479043236119423,-0.06421042520716432,0
-1.070020761193285,-0.6675247233333842,-0.07121049599408058,1.4138100167120462,1.1248431631530833,-0.6270576403959385,-0.8147400426846423,0.9198412756341188,1.479043236119423,-0.06421042520716432,0
-1.070020761193285,-0.6675247233333842,-0.07121049599408058,2.770740646620373,2.2291851546746986,-0.6270576403959385,-0.8147400426846423,2.417227770654584,1.479043236119423,-0.06421042520716432,0
-1.070020761193285,-0.6675247233333842,-0.07121049599408058,1.6434621408449546,1.3137291407408311,-0.6270576403959385,-0.8147400426846423,0.778196607186237,1.479043236119423,-0.06421042520716432,0
-1.070020761193285,-0.6675247233333842,-0.07121049599408058,1.0698106738294109,0.8419080393641781,-0.6270576403959385,-0.8147400426846423,1.052813821523967,1.479043236119423,-0.06421042520716432,0
-1.070020761193285,-0.6675247233333842,-0.07121049599408058,1.3766202450050924,1.0942550446601416,-0.6270576403959385,-0.8147400426846423,0.9815097027134687,1.479043236119423,-0.06421042520716432,0
-1.070020761193285,-0.6675247233333842,-0.07121049599408058,0.7740949735080036,0.5986856030198566,-0.6270576403959385,-0.8147400426846423,0.4833444402130951,1.479043236119423,-0.06421042520716432,0
-1.070020761193285,-0.6675247233333842,-0.07121049599408058,2.7393359365546295,2.202463783919399,-0.6270576403959385,-0.8147400426846423,2.80843685493921,1.479043236119423,-0.06421042520716432,0
-1.070020761193285,-0.6675247233333842,-0.07121049599408058,1.421567137121835,1.131223296920193,-0.6270576403959385,-0.8147400426846423,0.1846379965474939,1.479043236119423,-0.06421042520716432,0
-1.070020761193285,-0.6675247233333842,-0.07121049599408058,2.7393359365546295,2.2045007360008317,-0.6270576403959385,-0.8147400426846423,1.1501343080085662,1.479043236119423,-0.06421042520716432,0
-1.070020761193285,-0.6675247233333842,-0.07121049599408058,0.1645012868928677,0.09730247903454955,-0.6270576403959385,-0.8147400426846423,0.7704880538013182,1.479043236119423,-0.06421042520716432,0
-1.070020761193285,-0.6675247233333842,-0.07121049599408058,1.9028529551746187,1.5270748161920418,-0.6270576403959385,-0.8147400426846423,1.8997911246919137,1.479043236119423,-0.06421042520716432,0
-1.070020761193285,-0.6675247233333842,-0.07121049599408058,1.8384783242934555,1.4741274936634603,-0.6270576403959385,-0.8147400426846423,1.260944762916773,1.479043236119423,-0.06421042520716432,0
-1.070020761193285,-0.6675247233333842,-0.07121049599408058,1.4059213105670818,1.1183548017772846,-0.6270576403959385,-0.8147400426846423,1.0325788688885553,1.479043236119423,-0.06421042520716432,0
-1.070020761193285,-0.6675247233333842,-0.07121049599408058,1.369405169891038,1.088320736316891,-0.6270576403959385,-0.8147400426846423,2.9346644166172546,1.479043236119423,-0.06421042520716432,0
-1.070020761193285,-0.6675247233333842,-0.07121049599408058,1.4294875620239658,1.137737746573981,-0.6270576403959385,-0.8147400426846423,0.9400762282695305,1.479043236119423,-0.06421042520716432,0
-1.070020761193285,-0.6675247233333842,-0.07121049599408058,2.770740646620373,2.2290421857453206,-0.6270576403959385,-0.8147400426846423,0.40818604471013736,1.479043236119423,-0.06421042520716432,0
-1.070020761193285,-0.6675247233333842,-0.07121049599408058,1.7732355102025248,1.420466101387336,-0.6270576403959385,-0.8147400426846423,0.5074336695409661,1.479043236119423,-0.06421042520716432,0
-1.070020761193285,-0.6675247233333842,-0.07121049599408058,0.027328653796707694,-0.015520282777392353,-0.6270576403959385,-0.8147400426846423,2.2187325209929267,1.479043236119423,-0.06421042520716432,0
-1.070020761193285,-0.6675247233333842,-0.07121049599408058,1.4731784227616291,1.173672928855629,-0.6270576403959385,-0.8147400426846423,2.1956068608381702,1.479043236119423,-0.06421042520716432,0
-1.070020761193285,-0.6675247233333842,-0.07121049599408058,1.5379123235259444,1.2269157463349025,-0.6270576403959385,-0.8147400426846423,1.6752795073561553,1.479043236119423,-0.06421042520716432,0
-1.070020761193285,-0.6675247233333842,-0.07121049599408058,1.3616538593526113,1.0819453810957496,-0.6270576403959385,-0.8147400426846423,1.5953032659876234,1.479043236119423,-0.06421042520716432,0
-1.070020761193285,-0.6675247233333842,-0.07121049599408058,1.7142580927932602,1.371957918913472,-0.6270576403959385,-0.8147400426846423,1.6984051675109115,1.479043236119423,-0.06421042520716432,0
-1.070020761193285,-0.6675247233333842,-0.07121049599408058,1.2239724699533863,0.9687041736368484,-0.6270576403959385,-0.8147400426846423,1.0017446553488805,1.479043236119423,-0.06421042520716432,0
-1.070020761193285,-0.6675247233333842,-0.07121049599408058,1.3968762829974968,1.110915380603891,-0.6270576403959385,-0.8147400426846423,1.1588064305665997,1.479043236119423,-0.06421042520716432,0
-1.070020761193285,-0.6675247233333842,-0.07121049599408058,0.9818176596726546,0.7695348942750759,-0.6270576403959385,-0.8147400426846423,0.5373043139075263,1.479043236119423,-0.06421042520716432,0
-1.070020761193285,-0.6675247233333842,-0.07121049599408058,1.3937807207263164,1.108369319651991,-0.6270576403959385,-0.8147400426846423,0.7290545793573799,1.479043236119423,-0.06421042520716432,0
-1.070020761193285,-0.6675247233333842,-0.07121049599408058,2.707931226488886,2.1933120934906394,-0.6270576403959385,-0.8147400426846423,1.0431781297928187,1.479043236119423,-0.06421042520716432,0
-1.070020761193285,-0.6675247233333842,-0.07121049599408058,1.360825874171728,1.0812643737203125,-0.6270576403959385,-0.8147400426846423,-0.04276432830760892,1.479043236119423,-0.06421042520716432,0
-1.070020761193285,-0.6675247233333842,-0.07121049599408058,2.6137170962916563,2.1034610936475246,-0.6270576403959385,-0.8147400426846423,0.24341571610749932,1.479043236119423,-0.06421042520716432,0
-1.070020761193285,-0.6675247233333842,-0.07121049599408058,1.3964432120456902,1.1105591852044114,-0.6270576403959385,-0.8147400426846423,0.2790677755127485,1.479043236119423,-0.06421042520716432,0
-1.070020761193285,-0.6675247233333842,-0.07121049599408058,0.38628197747134796,0.27971430173451295,-0.6270576403959385,-0.8147400426846423,0.42842099734554906,1.479043236119423,-0.06421042520716432,0
-1.070020761193285,-0.6675247233333842,-0.07121049599408058,1.0446661786681728,0.8212270090126707,-0.6270576403959385,-0.8147400426846423,2.435535584943766,1.479043236119423,-0.06421042520716432,0
-1.070020761193285,-0.6675247233333842,-0.07121049599408058,1.0555113242187264,0.8301470045369104,-0.6270576403959385,-0.8147400426846423,2.460588383444752,1.479043236119423,-0.06421042520716432,0
-1.070020761193285,-0.6675247233333842,-0.07121049599408058,1.451511842216622,1.155852439440696,-0.6270576403959385,-0.8147400426846423,0.2829220522052079,1.479043236119423,-0.06421042520716432,0
-1.070020761193285,-0.6675247233333842,-0.07121049599408058,2.7393359365546295,2.2088454674852014,-0.6270576403959385,-0.8147400426846423,2.369049311998842,1.479043236119423,-0.06421042520716432,0
-1.070020761193285,-0.6675247233333842,-0.07121049599408058,1.3954778312582692,1.1097651716743169,-0.6270576403959385,-0.8147400426846423,2.6417393879903424,1.479043236119423,-0.06421042520716432,0
-1.070020761193285,-0.6675247233333842,-0.07121049599408058,1.4329563692742775,1.1405907968168754,-0.6270576403959385,-0.8147400426846423,1.0730487741593788,1.479043236119423,-0.06421042520716432,0
-1.070020761193285,-0.6675247233333842,-0.07121049599408058,1.4279697723864886,1.1364893837272192,-0.6270576403959385,-0.8147400426846423,0.9256226906728079,1.479043236119423,-0.06421042520716432,0
-1.070020761193285,-0.6675247233333842,-0.07121049599408058,-0.424512579169086,-0.3871540019316904,-0.6270576403959385,-0.8147400426846423,1.3842816170754728,1.479043236119423,-0.06421042520716432,0
-1.070020761193285,-0.6675247233333842,-0.07121049599408058,1.3781989597800972,1.0955535176646258,-0.6270576403959385,-0.8147400426846423,0.5729563733127755,1.479043236119423,-0.06421042520716432,0
-1.070020761193285,-0.6675247233333842,-0.07121049599408058,1.4154122850196005,1.1261610086412228,-0.6270576403959385,-0.8147400426846423,1.9739859510217566,1.479043236119423,-0.06421042520716432,0
1.4454666423137361,-0.10238083363635787,-0.06551606996813583,-0.588780568015768,-0.5196871035141071,0.085499271580286,1.2273853592673674,-0.7288255795653769,-0.6328365321756877,-0.06421042520716432,0
0.8165947914369808,1.0197193349686322,-0.07082603118238748,-0.5894124831234847,-0.5223478495692475,-0.6258779104092228,1.2273853592673674,-0.7384612712965253,-0.6328365321756877,-0.06421042520716432,0
1.4454666423137361,2.877960161106034,-0.07099429974519395,-0.5894385595010654,-0.5223930520311104,-0.04191156698499916,1.2273853592673674,-0.727862010392262,-0.6328365321756877,-0.06421042520716432,1
0.8165947914369808,2.6535300979253016,-0.0711230114261038,-0.5894842603330286,-0.5226135108951103,-0.6258779104092228,1.2273853592673674,-0.7384612712965253,-0.6328365321756877,-0.06421042520716432,0
0.8165947914369808,2.76564599944279,-0.07112917942788163,-0.5894868424980715,-0.522623067987047,-0.39583056299968017,1.2273853592673674,-0.7288255795653769,-0.6328365321756877,-0.06421042520716432,0
1.4454666423137361,2.7616715416937985,-0.0708246337046494,-0.5894325612014429,-0.5223683844019225,0.032411422178083855,1.2273853592673674,-0.7259348720460322,-0.6328365321756877,-0.06421042520716432,1
0.8165947914369808,1.160534440463288,-0.07099687589921129,-0.589424102866209,-0.5223908564829628,-0.23538728480635812,1.2273853592673674,-0.7230441645266877,-0.6328365321756877,-0.06421042520716432,0
0.8165947914369808,2.3653052410322477,-0.07105283400394317,-0.5894794100500436,-0.5225955590602561,-0.6258779104092228,1.2273853592673674,-0.7384612712965253,-0.6328365321756877,-0.06421042520716432,0
0.8165947914369808,2.44688862587131,-0.07101171843704697,-0.5894816083797482,-0.5226036955033915,-0.31914811386316594,1.2273853592673674,-0.70955419610308,-0.6328365321756877,-0.06421042520716432,0
1.4454666423137361,1.0784112515476543,-0.07062295582687735,-0.5893099572133462,-0.5218641832273146,0.17751821054410308,1.2273853592673674,-0.697027796852587,-0.6328365321756877,-0.06421042520716432,1
0.8165947914369808,1.9711485285831911,-0.07108227733910252,-0.5894678949896757,-0.5225529395962141,-0.3321251437170376,1.2273853592673674,-0.7028092118912761,-0.6328365321756877,-0.06421042520716432,0
0.8165947914369808,0.288212443206382,-0.07073373509826603,-0.5892998448967051,-0.5219309537209808,-0.2825764842749823,1.2273853592673674,-0.7085906269299651,-0.6328365321756877,-0.06421042520716432,0
0.8165947914369808,1.6634737728534517,-0.07104008504356342,-0.5894552982115305,-0.5225063164855497,-0.18229943540415597,1.2273853592673674,-0.7085906269299651,-0.6328365321756877,-0.06421042520716432,0
0.8165947914369808,1.9866758443635963,-0.07102942632511876,-0.5894684532956392,-0.5225550059944706,-0.22241025495248648,1.2273853592673674,-0.7288255795653769,-0.6328365321756877,-0.06421042520716432,0
1.4454666423137361,1.2882238072772683,-0.07030669696215729,-0.5893383784759557,-0.521981063878703,0.284873639335223,1.2273853592673674,-0.7037727810643909,-0.6328365321756877,-0.06421042520716432,1
0.8165947914369808,2.1260241329782494,-0.07113693860689277,-0.5894722218608471,-0.5225689541827025,-0.39936975295982696,1.2273853592673674,-0.666193583312912,-0.6328365321756877,-0.06421042520716432,0
0.8165947914369808,1.9732993402452894,-0.07120020618530412,-0.5894669528483737,-0.5225494525491561,-0.4666143622026164,1.2273853592673674,-0.7336434254309511,-0.6328365321756877,-0.06421042520716432,0
1.4454666423137361,2.267102661432811,-0.07091839340243859,-0.589412587805841,-0.522286245071223,-0.6258779104092228,1.2273853592673674,-0.7384612712965253,-0.6328365321756877,-0.06421042520716432,1
0.8165947914369808,1.5637252195841567,-0.07112441201854967,-0.5894492615283804,-0.5224839735544003,-0.36397785335835886,1.2273853592673674,-0.7201534570073432,-0.6328365321756877,-0.06421042520716432,0
1.4454666423137361,2.6190388433239344,-0.07089530964912039,-0.5894287298268148,-0.5223526281152159,-0.3368440636639,1.2273853592673674,-0.7105177652761948,-0.6328365321756877,-0.06421042520716432,1
0.8165947914369808,2.321160830380081,-0.07116209642754776,-0.5894754670142102,-0.522580965122569,-0.6246981804225072,1.2273853592673674,-0.7374977021234104,-0.6328365321756877,-0.06421042520716432,0
0.8165947914369808,2.69658355774376,-0.07115000639569237,-0.5894852722625682,-0.5226172562419503,-0.6258779104092228,1.2273853592673674,-0.7384612712965253,-0.6328365321756877,-0.06421042520716432,0
1.4454666423137361,2.0832310554276425,-0.07075674947698048,-0.5894003085642053,-0.5222357474638276,-0.18111970541744035,1.2273853592673674,-0.7297891487384917,-0.6328365321756877,-0.06421042520716432,1
0.8165947914369808,1.7270767420819924,-0.07103625956783739,-0.5894570429176592,-0.5225127739801015,-0.18229943540415597,1.2273853592673674,-0.7037727810643909,-0.6328365321756877,-0.06421042520716432,0
0.8165947914369808,1.9761708418491852,-0.07112828981228546,-0.58946705753073,-0.5225498399988291,-0.27667783434140425,1.2273853592673674,-0.727862010392262,-0.6328365321756877,-0.06421042520716432,0
0.8165947914369808,1.5795350623145772,-0.07092609543814646,-0.5894500640931757,-0.5224869440018942,-0.6258779104092228,1.2273853592673674,-0.7384612712965253,-0.6328365321756877,-0.06421042520716432,0
1.4454666423137361,2.3149464701197147,-0.0708080289213064,-0.5894150059685161,-0.5222961896128329,-0.24010620475322053,1.2273853592673674,-0.7018456427181612,-0.6328365321756877,-0.06421042520716432,1
0.8165947914369808,2.9246959553472,-0.07115183478378485,-0.5894932281224725,-0.5226467024171068,-0.6270576403959385,1.2273853592673674,-0.7394248404696401,-0.6328365321756877,-0.06421042520716432,0
0.8165947914369808,2.8770584513835202,-0.07112235293482656,-0.5894922859811705,-0.5226432153700488,-0.4772319320830568,1.2273853592673674,-0.727862010392262,-0.6328365321756877,-0.06421042520716432,0
0.8165947914369808,1.3534137653641636,-0.07102446976410705,-0.5894387235034332,-0.5224449702873073,-0.3085305439827255,1.2273853592673674,-0.7056999194106206,-0.6328365321756877,-0.06421042520716432,0
0.8165947914369808,2.1438392594399662,-0.07112478755714335,-0.5894737572022317,-0.5225746367779082,-0.32386703381002835,1.2273853592673674,-0.7259348720460322,-0.6328365321756877,-0.06421042520716432,0
1.4454666423137361,1.7769049969412654,-0.07067232353713765,-0.5893833500207698,-0.5221660065226678,0.21408984013228677,1.2273853592673674,-0.6979913660257019,-0.6328365321756877,-0.06421042520716432,1
0.8165947914369808,1.783401373574723,-0.07095745016763035,-0.5894594855061954,-0.5225218144724741,-0.35925893341149645,1.2273853592673674,-0.7085906269299651,-0.6328365321756877,-0.06421042520716432,0
0.8165947914369808,2.1716952315401485,-0.0711124954268984,-0.5894736874139941,-0.5225743784781262,-0.3887521830793865,1.2273853592673674,-0.7076270577568503,-0.6328365321756877,-0.06421042520716432,0
1.4454666423137361,1.6519568253990604,-0.07089697437650082,-0.5893726096099273,-0.5221218372599331,-0.14100888586910984,1.2273853592673674,-0.727862010392262,-0.6328365321756877,-0.06421042520716432,1
0.8165947914369808,3.0500879494507998,-0.07117069716709955,-0.5894948681462133,-0.5226527724619855,-0.5020062618040845,1.2273853592673674,-0.7336434254309511,-0.6328365321756877,-0.06421042520716432,0
1.4454666423137361,3.14574312878815,-0.07100794103306494,-0.5894473214151739,-0.5224290848507097,-0.43004273261443265,1.2273853592673674,-0.7317162870847214,-0.6328365321756877,-0.06421042520716432,1
0.8165947914369808,2.2836557571283778,-0.071117740218585,-0.5894743504023142,-0.5225768323260558,-0.330945413730322,1.2273853592673674,-0.7288255795653769,-0.6328365321756877,-0.06421042520716432,0
0.8165947914369808,2.98386306158608,-0.07115167670697416,-0.5894914136281061,-0.5226399866227729,-0.49374815189707527,1.2273853592673674,-0.7336434254309511,-0.6328365321756877,-0.06421042520716432,0
1.4454666423137361,3.7752796464482214,-0.07094912714377981,-0.5894623956760053,-0.5224910767984073,-0.6258779104092228,1.2273853592673674,-0.7384612712965253,-0.6328365321756877,-0.06421042520716432,1
0.8165947914369808,1.1591609927816051,-0.07086378234423574,-0.5894239981838212,-0.5223904690332897,-0.6258779104092228,1.2273853592673674,-0.7384612712965253,-0.6328365321756877,-0.06421042520716432,0
0.8165947914369808,1.8407132628605838,-0.0710317835099216,-0.5894618583065254,-0.5225305966650646,-0.27667783434140425,1.2273853592673674,-0.7085906269299651,-0.6328365321756877,-0.06421042520716432,0
0.8165947914369808,1.9189845193676975,-0.07106259970005085,-0.5894649289892945,-0.5225419618554759,-0.6258779104092228,1.2273853592673674,-0.7384612712965253,-0.6328365321756877,-0.06421042520716432,0
1.4454666423137361,2.4379010803600125,-0.07083862184911814,-0.5894208786492984,-0.5223203406424567,-0.31089000395615674,1.2273853592673674,-0.7105177652761948,-0.6328365321756877,-0.06421042520716432,1
0.8165947914369808,1.5962053093644684,-0.07102847061875076,-0.5894520879522863,-0.5224944346955743,-0.2601616145273858,1.2273853592673674,-0.7056999194106206,-0.6328365321756877,-0.06421042520716432,0
0.8165947914369808,1.7946968201781668,-0.07113869597995835,-0.5894610557416987,-0.5225276262175708,-0.18937781532444958,1.2273853592673674,-0.7085906269299651,-0.6328365321756877,-0.06421042520716432,0
0.8165947914369808,2.066100785515422,-0.07106241930706007,-0.5894712099313076,-0.5225652088358625,-0.29319405415542266,1.2273853592673674,-0.7114813344493096,-0.6328365321756877,-0.06421042520716432,0
0.8165947914369808,0.9502227199560102,-0.0709449257800157,-0.589407667734587,-0.5223300268842844,-0.6270576403959385,1.2273853592673674,-0.7394248404696401,-0.6328365321756877,-0.06421042520716432,0
1.4454666423137361,2.125900346825372,-0.0709331937285972,-0.589405835793177,-0.5222584778446501,-0.3179683838764503,1.2273853592673674,-0.7056999194106206,-0.6328365321756877,-0.06421042520716432,1
0.8165947914369808,3.311720265140647,-0.0711262205305456,-0.589499369487979,-0.5226694327979292,-0.46189544225575396,1.2273853592673674,-0.7028092118912761,-0.6328365321756877,-0.06421042520716432,0
0.8165947914369808,0.4314591645501954,-0.07052630138795299,-0.5893317381244969,-0.5220489967213884,-0.6270576403959385,1.2273853592673674,-0.7394248404696401,-0.6328365321756877,-0.06421042520716432,0
1.4454666423137361,1.3092099730333937,-0.07036381627766604,-0.5893395404502282,-0.5219858424246714,0.11381279126146049,1.2273853592673674,-0.7056999194106206,-0.6328365321756877,-0.06421042520716432,1
0.8165947914369808,2.6464035200146063,-0.07109004562742884,-0.5894865284509708,-0.5226219056380277,-0.35571974345134966,1.2273853592673674,-0.727862010392262,-0.6328365321756877,-0.06421042520716432,0
1.4454666423137361,1.5758598038010994,-0.07027728108320164,-0.5893661402396538,-0.5220952323823795,-0.6258779104092228,1.2273853592673674,-0.7384612712965253,-0.6328365321756877,-0.06421042520716432,1
0.8165947914369808,1.9464072756307425,-0.07110561743980828,-0.5894628702360651,-0.5225343420119047,-0.1634237556167063,1.2273853592673674,-0.7066634885837354,-0.6328365321756877,-0.06421042520716432,0
0.8165947914369808,2.6756606274993207,-0.07115167451445623,-0.5894847837448735,-0.5226154481434758,-0.49728734185722206,1.2273853592673674,-0.7336434254309511,-0.6328365321756877,-0.06421042520716432,0
1.4454666423137361,1.3165204686251266,-0.07032678009983957,-0.5893373107158135,-0.5219766727824078,-0.46189544225575396,1.2273853592673674,-0.7297891487384917,-0.6328365321756877,-0.06421042520716432,1
0.8165947914369808,1.768666346984088,-0.07112006912818548,-0.5894588574119941,-0.5225194897744355,-0.21061295508533046,1.2273853592673674,-0.7240077336998026,-0.6328365321756877,-0.06421042520716432,0
0.8165947914369808,1.5664587573598354,-0.0711415483736942,-0.5894494011048556,-0.5224844901539645,-0.4984670718439377,1.2273853592673674,-0.7336434254309511,-0.6328365321756877,-0.06421042520716432,0
0.8165947914369808,3.0633990947057668,-0.0711619623845751,-0.5894951124050765,-0.5226536765112227,-0.6270576403959385,1.2273853592673674,-0.7394248404696401,-0.6328365321756877,-0.06421042520716432,0
1.4454666423137361,2.7994237006015945,-0.07093291531483441,-0.5894357330771596,-0.5223814285409172,-0.3627981233716433,1.2273853592673674,-0.7259348720460322,-0.6328365321756877,-0.06421042520716432,1
0.8165947914369808,2.1928681993703076,-0.07110965256855359,-0.5894752925436162,-0.5225803193731138,-0.4760522020963412,1.2273853592673674,-0.7336434254309511,-0.6328365321756877,-0.06421042520716432,0
0.8165947914369808,2.358375211310212,-0.07115008426445107,-0.5894801079324824,-0.5225981420580769,-0.405268402893405,1.2273853592673674,-0.7326798562578362,-0.6328365321756877,-0.06421042520716432,0
0.8165947914369808,2.5257369330995245,-0.0711351509695659,-0.5894844696977728,-0.5226142857944565,-0.49610761187050645,1.2273853592673674,-0.7336434254309511,-0.6328365321756877,-0.06421042520716432,0
0.8165947914369808,3.044806214866722,-0.07110658208618074,-0.5894954962404146,-0.5226550971600241,-0.3710562332786525,1.2273853592673674,-0.7249713028729174,-0.6328365321756877,-0.06421042520716432,0
1.4454666423137361,2.8862618636471105,-0.07078469241139379,-0.5894395330470775,-0.5223970556777325,-0.2955535141288539,1.2273853592673674,-0.7114813344493096,-0.6328365321756877,-0.06421042520716432,1
0.8165947914369808,2.4402537443447465,-0.07109877718674232,-0.5894814339091227,-0.5226030497539363,-0.6258779104092228,1.2273853592673674,-0.7384612712965253,-0.6328365321756877,-0.06421042520716432,0
0.8165947914369808,2.240751219052871,-0.07107937224985993,-0.5894758159554296,-0.5225822566214794,-0.2908345941819915,1.2273853592673674,-0.7230441645266877,-0.6328365321756877,-0.06421042520716432,0
1.4454666423137361,2.7556129305508135,-0.07089808833863757,-0.5894341000322361,-0.5223747127465832,-0.2613413445141014,1.2273853592673674,-0.7066634885837354,-0.6328365321756877,-0.06421042520716432,1
0.8165947914369808,0.49337867675554414,-0.07046154354561292,-0.5893440906437789,-0.5220947157828154,-0.42178462270742345,1.2273853592673674,-0.7028092118912761,-0.6328365321756877,-0.06421042520716432,0
1.4454666423137361,2.656262781652051,-0.07089767689391627,-0.589430237252898,-0.5223588273099857,-0.2955535141288539,1.2273853592673674,-0.7105177652761948,-0.6328365321756877,-0.06421042520716432,1
0.8165947914369808,3.067219805123097,-0.07108448603255119,-0.5894930187577282,-0.5226459275177605,-0.37695488321223053,1.2273853592673674,-0.7114813344493096,-0.6328365321756877,-0.06421042520716432,0
0.8165947914369808,1.4422342408104565,-0.07095237949635154,-0.5894388630799399,-0.5224454868868714,-0.09735887636063252,1.2273853592673674,-0.7028092118912761,-0.6328365321756877,-0.06421042520716432,0
1.4454666423137361,3.015522283762101,-0.07087715471318001,-0.5894415743532317,-0.52240545042065,-0.36869677330522127,1.2273853592673674,-0.7124449036224245,-0.6328365321756877,-0.06421042520716432,1
0.8165947914369808,1.7719254652360905,-0.07112045143920824,-0.5894589969885008,-0.5225200063739996,-0.6270576403959385,1.2273853592673674,-0.7394248404696401,-0.6328365321756877,-0.06421042520716432,0
0.8165947914369808,1.2299664483917456,-0.07091625006386343,-0.5894291974080571,-0.5224097123670542,-0.6258779104092228,1.2273853592673674,-0.7384612712965253,-0.6328365321756877,-0.06421042520716432,0
0.8165947914369808,2.3514968262704223,-0.07113936661278024,-0.5894790262147053,-0.5225941384114547,-0.39465083301296455,1.2273853592673674,-0.7326798562578362,-0.6328365321756877,-0.06421042520716432,0
1.4454666423137361,3.5111200239945117,-0.0709377776958525,-0.589457465136525,-0.5224708002655146,-0.43476165256129506,1.2273853592673674,-0.7326798562578362,-0.6328365321756877,-0.06421042520716432,1
0.8165947914369808,2.2649301095364827,-0.07112415491162749,-0.589477455979202,-0.5225883266663581,-0.2601616145273858,1.2273853592673674,-0.7288255795653769,-0.6328365321756877,-0.06421042520716432,0
0.8165947914369808,1.5516546566193512,-0.07102672992235635,-0.5894498547284629,-0.522486169102548,-0.2342075548196425,1.2273853592673674,-0.7259348720460322,-0.6328365321756877,-0.06421042520716432,0
0.8165947914369808,2.0681732840166567,-0.07113659751295542,-0.5894712797195452,-0.5225654671356446,-0.42178462270742345,1.2273853592673674,-0.7317162870847214,-0.6328365321756877,-0.06421042520716432,0
0.8165947914369808,2.116723480316695,-0.07111801871072086,-0.5894728848491673,-0.5225714080306323,-0.28139675428826666,1.2273853592673674,-0.7288255795653769,-0.6328365321756877,-0.06421042520716432,0
1.4454666423137361,2.9505090385485317,-0.07087630156196414,-0.5894417313767821,-0.5224060961701051,-0.32150757383659717,1.2273853592673674,-0.7268984412191472,-0.6328365321756877,-0.06421042520716432,1
0.8165947914369808,1.7597485093091931,-0.07113823873954671,-0.5894584735766559,-0.522518069125634,-0.38757245309267097,1.2273853592673674,-0.7259348720460322,-0.6328365321756877,-0.06421042520716432,0
0.8165947914369808,1.8252832276141973,-0.07110772409965899,-0.5894612302123241,-0.522528271967026,-0.6258779104092228,1.2273853592673674,-0.7384612712965253,-0.6328365321756877,-0.06421042520716432,0
1.4454666423137361,1.4286376942464916,-0.07057818589383053,-0.5893522907625148,-0.5220382772804323,-0.6258779104092228,1.2273853592673674,-0.7384612712965253,-0.6328365321756877,-0.06421042520716432,1
0.8165947914369808,2.2075072293947446,-0.07104035391527969,-0.58947480402589,-0.5225785112746393,-0.3451021735709092,1.2273853592673674,-0.7056999194106206,-0.6328365321756877,-0.06421042520716432,0
1.4454666423137361,1.0866734640703066,-0.07043357893202469,-0.5893111505923287,-0.5218690909231741,-0.13511023593553181,1.2273853592673674,-0.7288255795653769,-0.6328365321756877,-0.06421042520716432,1
0.8165947914369808,1.1675180039635966,-0.07098900708516015,-0.5894202296186133,-0.5223765208450577,-0.13511023593553181,1.2273853592673674,-0.727862010392262,-0.6328365321756877,-0.06421042520716432,0
0.8165947914369808,2.9143459216126484,-0.07111083153773669,-0.5894900178632282,-0.5226348206271314,-0.2943737841421383,1.2273853592673674,-0.7297891487384917,-0.6328365321756877,-0.06421042520716432,0
1.4454666423137361,1.7592552302523727,-0.07093885324610019,-0.5893785451001299,-0.5221462465893391,-0.4713332821494788,1.2273853592673674,-0.7326798562578362,-0.6328365321756877,-0.06421042520716432,1
0.8165947914369808,1.3440461711665805,-0.07086604124528136,-0.5894368043267105,-0.5224378670433002,-0.6258779104092228,1.2273853592673674,-0.7384612712965253,-0.6328365321756877,-0.06421042520716432,0
0.8165947914369808,2.4562251968283575,-0.07117058068247653,-0.5894818526386112,-0.5226045995526287,-0.6258779104092228,1.2273853592673674,-0.7384612712965253,-0.6328365321756877,-0.06421042520716432,0
0.8165947914369808,2.4166004621239567,-0.07113149784749456,-0.5894808058149213,-0.5226007250558976,-0.38521299311923973,1.2273853592673674,-0.7326798562578362,-0.6328365321756877,-0.06421042520716432,0
1.4454666423137361,1.163279987795515,-0.0706713884795252,-0.5893217025749109,-0.5219124852865624,-0.08438184650676088,1.2273853592673674,-0.721117026180458,-0.6328365321756877,-0.06421042520716432,1
0.8165947914369808,1.1891182772109399,-0.07108035454721776,-0.5894276969607914,-0.5224041589217396,-0.6258779104092228,1.2273853592673674,-0.7384612712965253,-0.6328365321756877,-0.06421042520716432,0
0.8165947914369808,1.861126763531413,-0.07098402081123552,-0.5894637425891294,-0.5225375707591806,-0.37695488321223053,1.2273853592673674,-0.7230441645266877,-0.6328365321756877,-0.06421042520716432,0
0.8165947914369808,2.5485052870996774,-0.07116854537164642,-0.5894850280037366,-0.5226163521927131,-0.5008265318173689,1.2273853592673674,-0.7346069946040659,-0.6328365321756877,-0.06421042520716432,0
0.8165947914369808,2.6922384720895134,-0.0711653314341671,-0.589488377839456,-0.5226287505822527,-0.4453792224417355,1.2273853592673674,-0.7307527179116065,-0.6328365321756877,-0.06421042520716432,0
1.4454666423137361,2.413413637396486,-0.07071205488652281,-0.5894205331974878,-0.5223189199936553,-0.21769133500562407,1.2273853592673674,-0.7259348720460322,-0.6328365321756877,-0.06421042520716432,1
0.8165947914369808,2.3378135808116616,-0.07116588051865037,-0.5894786423793356,-0.5225927177626534,-0.6258779104092228,1.2273853592673674,-0.7384612712965253,-0.6328365321756877,-0.06421042520716432,0
0.8165947914369808,2.4205176407061253,-0.07120013125852145,-0.5894809104973092,-0.5226011125055707,-0.6270576403959385,1.2273853592673674,-0.7394248404696401,-0.6328365321756877,-0.06421042520716432,0
-1.070020761193285,-0.6675247233333842,-0.07121049599408058,-0.584345280813183,-0.5186143845191553,-0.6270576403959385,1.2273853592673674,-0.1333398305804041,-0.6328365321756877,-0.06421042520716432,0
-1.070020761193285,-0.6675247233333842,-0.07121049599408058,-0.5791443467791954,-0.5143366818282339,-0.6270576403959385,1.2273853592673674,-0.00036728469055584786,-0.6328365321756877,-0.06421042520716432,0
-1.070020761193285,-0.6675247233333842,-0.07121049599408058,-0.5809289194286812,-0.5158044703398673,-0.6270576403959385,1.2273853592673674,-0.5573102667509349,-0.6328365321756877,-0.06421042520716432,0
-1.070020761193285,-0.6675247233333842,-0.07121049599408058,-0.5886007760506416,-0.522114475716144,-0.6270576403959385,1.2273853592673674,0.5517578515042489,-0.6328365321756877,-0.06421042520716432,0
-1.070020761193285,-0.6675247233333842,-0.07121049599408058,-0.5784573687465072,-0.5137716510549478,-0.6270576403959385,1.2273853592673674,-0.4686619028243693,-0.6328365321756877,-0.06421042520716432,0
-1.070020761193285,-0.6675247233333842,-0.07121049599408058,-0.5799450098623214,-0.5149952171226305,-0.6270576403959385,1.2273853592673674,0.16922088977765645,-0.6328365321756877,-0.06421042520716432,0
-1.070020761193285,-0.6675247233333842,-0.07121049599408058,-0.578507930329713,-0.5138132373198616,-0.6270576403959385,1.2273853592673674,-0.4137384599568233,-0.6328365321756877,-0.06421042520716432,0
-1.070020761193285,-0.6675247233333842,-0.07121049599408058,-0.5796031695932559,-0.5147140578098435,-0.6270576403959385,1.2273853592673674,-0.48504257876732165,-0.6328365321756877,-0.06421042520716432,0
-1.070020761193285,-0.6675247233333842,-0.07121049599408058,-0.5823005201408026,-0.5169325946380738,-0.6270576403959385,1.2273853592673674,0.052629019830760494,-0.6328365321756877,-0.06421042520716432,0
-1.070020761193285,-0.6675247233333842,-0.07121049599408058,-0.5771237677335654,-0.5126747810303721,-0.6270576403959385,1.2273853592673674,-0.48986042463289586,-0.6328365321756877,-0.06421042520716432,0
-1.070020761193285,-0.6675247233333842,-0.07121049599408058,-0.5853664049609707,-0.5194542462605677,-0.6270576403959385,1.2273853592673674,0.00637769952124805,-0.6328365321756877,-0.06421042520716432,0
-1.070020761193285,-0.6675247233333842,-0.07121049599408058,-0.576446682184548,-0.5121178867002213,-0.6270576403959385,1.2273853592673674,-0.4233741516879717,-0.6328365321756877,-0.06421042520716432,0
-1.070020761193285,-0.6675247233333842,-0.07121049599408058,-0.5843369585650157,-0.5186075395749303,-0.6270576403959385,1.2273853592673674,-0.4840790095942068,-0.6328365321756877,-0.06421042520716432,0
-1.070020761193285,-0.6675247233333842,-0.07121049599408058,-0.5874100664684989,-0.5211351320924118,-0.6270576403959385,1.2273853592673674,-0.014820822287278487,-0.6328365321756877,-0.06421042520716432,0
-1.070020761193285,-0.6675247233333842,-0.07121049599408058,-0.586219670933457,-0.5201560467684617,-0.6270576403959385,1.2273853592673674,0.25979639205045163,-0.6328365321756877,-0.06421042520716432,0
-1.070020761193285,-0.6675247233333842,-0.07121049599408058,-0.5690818066034802,-0.5060603693609216,-0.6270576403959385,1.2273853592673674,0.17885658150880487,-0.6328365321756877,-0.06421042520716432,0
-1.070020761193285,-0.6675247233333842,-0.07121049599408058,-0.5825439066438121,-0.5171327769691809,-0.6270576403959385,1.2273853592673674,0.19523725745175718,-0.6328365321756877,-0.06421042520716432,0
-1.070020761193285,-0.6675247233333842,-0.07121049599408058,-0.5766230196315671,-0.5122629220278557,-0.6270576403959385,1.2273853592673674,0.35326260184259134,-0.6328365321756877,-0.06421042520716432,0
-1.070020761193285,-0.6675247233333842,-0.07121049599408058,-0.5849014582284474,-0.5190718334332077,-0.6270576403959385,1.2273853592673674,0.3378454950727539,-0.6328365321756877,-0.06421042520716432,0
-1.070020761193285,-0.6675247233333842,-0.07121049599408058,-0.5832409341837212,-0.5177060733354933,-0.6270576403959385,1.2273853592673674,-0.4570990727469912,-0.6328365321756877,-0.06421042520716432,0
-1.070020761193285,-0.6675247233333842,-0.07121049599408058,-0.5800436206519279,-0.5150763232542017,-0.6270576403959385,1.2273853592673674,0.14224095293044084,-0.6328365321756877,-0.06421042520716432,0
-1.070020761193285,-0.6675247233333842,-0.07121049599408058,-0.5789439847289759,-0.5141718865672709,-0.6270576403959385,1.2273853592673674,-0.5110589464414224,-0.6328365321756877,-0.06421042520716432,0
-1.070020761193285,-0.6675247233333842,-0.07121049599408058,-0.5868369305097991,-0.5206637349901275,-0.6270576403959385,1.2273853592673674,0.38024253868980695,-0.6328365321756877,-0.06421042520716432,0
-1.070020761193285,-0.6675247233333842,-0.07121049599408058,-0.5771941142841127,-0.5127326401815566,-0.6270576403959385,1.2273853592673674,-0.5062411005758481,-0.6328365321756877,-0.06421042520716432,0
-1.070020761193285,-0.6675247233333842,-0.07121049599408058,-0.5744457310827091,-0.5104721296387392,-0.6270576403959385,1.2273853592673674,0.17211159729700096,-0.6328365321756877,-0.06421042520716432,0
-1.070020761193285,-0.6675247233333842,-0.07121049599408058,-0.5838200370373335,-0.5181823781336371,-0.6270576403959385,1.2273853592673674,-0.5910351878099543,-0.6328365321756877,-0.06421042520716432,0
-1.070020761193285,-0.6675247233333842,-0.07121049599408058,-0.5849482512464453,-0.5191103201007367,-0.6270576403959385,1.2273853592673674,0.24437928528061414,-0.6328365321756877,-0.06421042520716432,0
-1.070020761193285,-0.6675247233333842,-0.07121049599408058,-0.5847469470549239,-0.5189447499404275,-0.6270576403959385,1.2273853592673674,-0.06878069598170967,-0.6328365321756877,-0.06421042520716432,0
-1.070020761193285,-0.6675247233333842,-0.07121049599408058,-0.5806698305706388,-0.5155913730196565,-0.6270576403959385,1.2273853592673674,-0.4281919975535459,-0.6328365321756877,-0.06421042520716432,0
-1.070020761193285,-0.6675247233333842,-0.07121049599408058,-0.5879395498802074,-0.521570625524988,-0.6270576403959385,1.2273853592673674,-0.5091318080951928,-0.6328365321756877,-0.06421042520716432,0
-1.070020761193285,-0.6675247233333842,-0.07121049599408058,-0.584189984521908,-0.5184866552769198,-0.6270576403959385,1.2273853592673674,-0.011930114767933958,-0.6328365321756877,-0.06421042520716432,0
-1.070020761193285,-0.6675247233333842,-0.07121049599408058,-0.5850225233857508,-0.519171407999197,-0.6270576403959385,1.2273853592673674,-0.5997073103679879,-0.6328365321756877,-0.06421042520716432,0
-1.070020761193285,-0.6675247233333842,-0.07121049599408058,-0.5766753084738266,-0.5123059289415709,-0.6270576403959385,1.2273853592673674,-0.44746338101584276,-0.6328365321756877,-0.06421042520716432,0
-1.070020761193285,-0.6675247233333842,-0.07121049599408058,-0.5782463290948654,-0.5135980736013943,-0.6270576403959385,1.2273853592673674,-0.2393324396230368,-0.6328365321756877,-0.06421042520716432,0
-1.070020761193285,-0.6675247233333842,-0.07121049599408058,-0.5803014533215677,-0.5152883873752842,-0.6270576403959385,1.2273853592673674,0.3455540484576726,-0.6328365321756877,-0.06421042520716432,0
-1.070020761193285,-0.6675247233333842,-0.07121049599408058,-0.5815201130956689,-0.5162907196796209,-0.6270576403959385,1.2273853592673674,-0.41759273664928265,-0.6328365321756877,-0.06421042520716432,0
-1.070020761193285,-0.6675247233333842,-0.07121049599408058,-0.574850694819007,-0.5108052072077232,-0.6270576403959385,1.2273853592673674,0.32820980334160543,-0.6328365321756877,-0.06421042520716432,0
-1.070020761193285,-0.6675247233333842,-0.07121049599408058,-0.5781689164845534,-0.5135344027051132,-0.6270576403959385,1.2273853592673674,0.14416809127667055,-0.6328365321756877,-0.06421042520716432,0
-1.070020761193285,-0.6675247233333842,-0.07121049599408058,-0.5710152375786777,-0.5076505919692579,-0.6270576403959385,1.2273853592673674,0.09213535592846904,-0.6328365321756877,-0.06421042520716432,0
-1.070020761193285,-0.6675247233333842,-0.07121049599408058,-0.5815491624524797,-0.5163146124094626,-0.6270576403959385,1.2273853592673674,0.46310948757768344,-0.6328365321756877,-0.06421042520716432,0
-1.070020761193285,-0.6675247233333842,-0.07121049599408058,-0.5723000042674673,-0.508707296377721,-0.6270576403959385,1.2273853592673674,0.17114802812388613,-0.6328365321756877,-0.06421042520716432,0
-1.070020761193285,-0.6675247233333842,-0.07121049599408058,-0.5797746393102148,-0.5148550894908557,-0.6270576403959385,1.2273853592673674,-0.23066031706500323,-0.6328365321756877,-0.06421042520716432,0
-1.070020761193285,-0.6675247233333842,-0.07121049599408058,-0.5850071350778187,-0.5191587513098754,-0.6270576403959385,1.2273853592673674,0.17211159729700096,-0.6328365321756877,-0.06421042520716432,0
-1.070020761193285,-0.6675247233333842,-0.07121049599408058,-0.5855774446126125,-0.5196278237141212,-0.6270576403959385,1.2273853592673674,-0.03023792905711597,-0.6328365321756877,-0.06421042520716432,0
-1.070020761193285,-0.6675247233333842,-0.07121049599408058,-0.5788921669573674,-0.5141292671032287,-0.6270576403959385,1.2273853592673674,0.21258150256782435,-0.6328365321756877,-0.06421042520716432,0
-1.070020761193285,-0.6675247233333842,-0.07121049599408058,-0.5858748472169351,-0.5198724336077449,-0.6270576403959385,1.2273853592673674,-0.5592374050971646,-0.6328365321756877,-0.06421042520716432,0
-1.070020761193285,-0.6675247233333842,-0.07121049599408058,-0.5870283422176499,-0.5208211687073013,-0.6270576403959385,1.2273853592673674,-0.4089206140912491,-0.6328365321756877,-0.06421042520716432,0
-1.070020761193285,-0.6675247233333842,-0.07121049599408058,-0.5778655469853182,-0.51328488511563,-0.6270576403959385,1.2273853592673674,0.30990198905242344,-0.6328365321756877,-0.06421042520716432,0
-1.070020761193285,-0.6675247233333842,-0.07121049599408058,-0.5796501196348042,-0.5147526736272634,-0.6270576403959385,1.2273853592673674,-0.4975689780178146,-0.6328365321756877,-0.06421042520716432,0
-1.070020761193285,-0.6675247233333842,-0.07121049599408058,-0.5872097044182796,-0.5209703368314489,-0.6270576403959385,1.2273853592673674,-0.03409220574957534,-0.6328365321756877,-0.06421042520716432,0
-1.070020761193285,-0.6675247233333842,-0.07121049599408058,-0.5836762034652324,-0.5180640768334474,-0.6270576403959385,1.2273853592673674,-0.525512484038145,-0.6328365321756877,-0.06421042520716432,0
-1.070020761193285,-0.6675247233333842,-0.07121049599408058,-0.5837286493310422,-0.5181072128970537,-0.6270576403959385,1.2273853592673674,0.2289621785107767,-0.6328365321756877,-0.06421042520716432,0
-1.070020761193285,-0.6675247233333842,-0.07121049599408058,-0.5855328499243192,-0.5195911451450668,-0.6270576403959385,1.2273853592673674,0.42553028982620456,-0.6328365321756877,-0.06421042520716432,0
-1.070020761193285,-0.6675247233333842,-0.07121049599408058,-0.5775403512125875,-0.5130174156912928,-0.6270576403959385,1.2273853592673674,0.20101867249044625,-0.6328365321756877,-0.06421042520716432,0
-1.070020761193285,-0.6675247233333842,-0.07121049599408058,-0.5840638946109941,-0.5183829479144173,-0.6270576403959385,1.2273853592673674,-0.5948894645024136,-0.6328365321756877,-0.06421042520716432,0
-1.070020761193285,-0.6675247233333842,-0.07121049599408058,-0.5887658078020371,-0.5222502122516237,-0.6270576403959385,1.2273853592673674,-0.5573102667509349,-0.6328365321756877,-0.06421042520716432,0
-1.070020761193285,-0.6675247233333842,-0.07121049599408058,-0.5825591379281939,-0.5171453045086115,-0.6270576403959385,1.2273853592673674,0.18656513489372362,-0.6328365321756877,-0.06421042520716432,0
-1.070020761193285,-0.6675247233333842,-0.07121049599408058,-0.5790592400149172,-0.5142666825872919,-0.6270576403959385,1.2273853592673674,0.39758678380587414,-0.6328365321756877,-0.06421042520716432,0
-1.070020761193285,-0.6675247233333842,-0.07121049599408058,-0.5808370606517389,-0.5157289176536107,-0.6270576403959385,1.2273853592673674,-0.3395436336269804,-0.6328365321756877,-0.06421042520716432,0
-1.070020761193285,-0.6675247233333842,-0.07121049599408058,-0.5849226564077418,-0.5190892686684977,-0.6270576403959385,1.2273853592673674,-0.11310487794499242,-0.6328365321756877,-0.06421042520716432,0
-1.070020761193285,-0.6675247233333842,-0.07121049599408058,-0.5816345832638584,-0.5163848699501867,-0.6270576403959385,1.2273853592673674,-0.056254296731216714,-0.6328365321756877,-0.06421042520716432,0
-1.070020761193285,-0.6675247233333842,-0.07121049599408058,-0.5818908456979949,-0.5165956425723588,-0.6270576403959385,1.2273853592673674,-0.47251617951682867,-0.6328365321756877,-0.06421042520716432,0
-1.070020761193285,-0.6675247233333842,-0.07121049599408058,-0.5813461310019046,-0.5161476216003521,-0.6270576403959385,1.2273853592673674,-0.4821518712479771,-0.6328365321756877,-0.06421042520716432,0
-1.070020761193285,-0.6675247233333842,-0.07121049599408058,-0.575672399057877,-0.5114810485875189,-0.6270576403959385,1.2273853592673674,0.27135922212782976,-0.6328365321756877,-0.06421042520716432,0
-1.070020761193285,-0.6675247233333842,-0.07121049599408058,-0.5824952293432102,-0.5170927405029595,-0.6270576403959385,1.2273853592673674,-0.5187674998263412,-0.6328365321756877,-0.06421042520716432,0
-1.070020761193285,-0.6675247233333842,-0.07121049599408058,-0.5849498214819486,-0.519111611599647,-0.6270576403959385,1.2273853592673674,-0.06685355763547998,-0.6328365321756877,-0.06421042520716432,0
-1.070020761193285,-0.6675247233333842,-0.07121049599408058,-0.5818464080332519,-0.5165590931531954,-0.6270576403959385,1.2273853592673674,0.23956143941503993,-0.6328365321756877,-0.06421042520716432,0
-1.070020761193285,-0.6675247233333842,-0.07121049599408058,-0.5763232616739896,-0.5120163748858664,-0.6270576403959385,1.2273853592673674,0.06997326494682765,-0.6328365321756877,-0.06421042520716432,0
-1.070020761193285,-0.6675247233333842,-0.07121049599408058,-0.5872747121681157,-0.5210238048863381,-0.6270576403959385,1.2273853592673674,0.03624834388780817,-0.6328365321756877,-0.06421042520716432,0
-1.070020761193285,-0.6675247233333842,-0.07121049599408058,-0.5856378986794891,-0.5196775464221703,-0.6270576403959385,1.2273853592673674,-0.47251617951682867,-0.6328365321756877,-0.06421042520716432,0
-1.070020761193285,-0.6675247233333842,-0.07121049599408058,-0.5785179798369341,-0.513821502912888,-0.6270576403959385,1.2273853592673674,-0.17766401254368688,-0.6328365321756877,-0.06421042520716432,0
-1.070020761193285,-0.6675247233333842,-0.07121049599408058,-0.5778727700686334,-0.5132908260106177,-0.6270576403959385,1.2273853592673674,-0.2692030839895969,-0.6328365321756877,-0.06421042520716432,0
-1.070020761193285,-0.6675247233333842,-0.07121049599408058,-0.5888708565572071,-0.5223366135287274,-0.6270576403959385,1.2273853592673674,-0.6189786938302848,-0.6328365321756877,-0.06421042520716432,0
-1.070020761193285,-0.6675247233333842,-0.07121049599408058,-0.5816399220645696,-0.516389261046482,-0.6270576403959385,1.2273853592673674,-0.14972050652335644,-0.6328365321756877,-0.06421042520716432,0
-1.070020761193285,-0.6675247233333842,-0.07121049599408058,-0.5852900915155109,-0.5193914794135238,-0.6270576403959385,1.2273853592673674,0.02468551381043006,-0.6328365321756877,-0.06421042520716432,0
-1.070020761193285,-0.6675247233333842,-0.07121049599408058,-0.5794865010953616,-0.5146180994408031,-0.6270576403959385,1.2273853592673674,-0.41181132161059364,-0.6328365321756877,-0.06421042520716432,0
-1.070020761193285,-0.6675247233333842,-0.07121049599408058,-0.5849573586123644,-0.5191178107944168,-0.6270576403959385,1.2273853592673674,-0.6141608479647106,-0.6328365321756877,-0.06421042520716432,0
-1.070020761193285,-0.6675247233333842,-0.07121049599408058,-0.5858847397006058,-0.5198805700508802,-0.6270576403959385,1.2273853592673674,-0.5582738359240497,-0.6328365321756877,-0.06421042520716432,0
-1.070020761193285,-0.6675247233333842,-0.07121049599408058,-0.583078414809131,-0.5175724031982702,-0.6270576403959385,1.2273853592673674,-0.08419780275154715,-0.6328365321756877,-0.06421042520716432,0
-1.070020761193285,-0.6675247233333842,-0.07121049599408058,-0.5830030435049732,-0.5175104112505726,-0.6270576403959385,1.2273853592673674,0.29641202062881566,-0.6328365321756877,-0.06421042520716432,0
-1.070020761193285,-0.6675247233333842,-0.07121049599408058,-0.5831401250644102,-0.5176231591054478,-0.6270576403959385,1.2273853592673674,0.14224095293044084,-0.6328365321756877,-0.06421042520716432,0
-1.070020761193285,-0.6675247233333842,-0.07121049599408058,-0.5808180608021491,-0.5157132905167953,-0.6270576403959385,1.2273853592673674,-0.19982610352532826,-0.6328365321756877,-0.06421042520716432,0
-1.070020761193285,-0.6675247233333842,-0.07121049599408058,-0.5824278662401191,-0.5170373351997047,-0.6270576403959385,1.2273853592673674,-0.18151828923614624,-0.6328365321756877,-0.06421042520716432,0
-1.070020761193285,-0.6675247233333842,-0.07121049599408058,-0.5776859120437422,-0.5131371376402839,-0.6270576403959385,1.2273853592673674,-0.44649981184272797,-0.6328365321756877,-0.06421042520716432,0
-1.070020761193285,-0.6675247233333842,-0.07121049599408058,-0.581027687241838,-0.5158857056213294,-0.6270576403959385,1.2273853592673674,0.008304837867477734,-0.6328365321756877,-0.06421042520716432,0
-1.070020761193285,-0.6675247233333842,-0.07121049599408058,-0.5797481023302092,-0.5148332631592704,-0.6270576403959385,1.2273853592673674,-0.550565282539131,-0.6328365321756877,-0.06421042520716432,0
-1.070020761193285,-0.6675247233333842,-0.07121049599408058,-0.5812123469370245,-0.5160375858931887,-0.6270576403959385,1.2273853592673674,-0.1371941072728635,-0.6328365321756877,-0.06421042520716432,0
-1.070020761193285,-0.6675247233333842,-0.07121049599408058,-0.5878162863931994,-0.5214692428605241,-0.6270576403959385,1.2273853592673674,0.06997326494682765,-0.6328365321756877,-0.06421042520716432,0
-1.070020761193285,-0.6675247233333842,-0.07121049599408058,-0.5835637746031971,-0.517971605511465,-0.6270576403959385,1.2273853592673674,-0.029274359884001126,-0.6328365321756877,-0.06421042520716432,0
-1.070020761193285,-0.6675247233333842,-0.07121049599408058,-0.5820874391830064,-0.516757338235937,-0.6270576403959385,1.2273853592673674,-0.4060299065719046,-0.6328365321756877,-0.06421042520716432,0
-1.070020761193285,-0.6675247233333842,-0.07121049599408058,-0.5832745372234915,-0.5177337114121753,-0.6270576403959385,1.2273853592673674,-0.43011913589977563,-0.6328365321756877,-0.06421042520716432,0
-1.070020761193285,-0.6675247233333842,-0.07121049599408058,-0.58603485421472,-0.5200040373467114,-0.6270576403959385,1.2273853592673674,0.08924464840912451,-0.6328365321756877,-0.06421042520716432,0
-1.070020761193285,-0.6675247233333842,-0.07121049599408058,-0.5828099045380689,-0.5173515568845973,-0.6270576403959385,1.2273853592673674,-0.5592374050971646,-0.6328365321756877,-0.06421042520716432,0
-1.070020761193285,-0.6675247233333842,-0.07121049599408058,-0.5793483203710723,-0.5145044475366907,-0.6270576403959385,1.2273853592673674,-0.08419780275154715,-0.6328365321756877,-0.06421042520716432,0
-1.070020761193285,-0.6675247233333842,-0.07121049599408058,-0.5819216223138594,-0.516620955951002,-0.6270576403959385,1.2273853592673674,0.09406249427469872,-0.6328365321756877,-0.06421042520716432,0
-1.070020761193285,-0.6675247233333842,-0.07121049599408058,-0.571002989741752,-0.507640518277757,-0.6270576403959385,1.2273853592673674,0.2251079018183173,-0.6328365321756877,-0.06421042520716432,0
-1.070020761193285,-0.6675247233333842,-0.07121049599408058,-0.5830691504196616,-0.517564783354699,-0.6270576403959385,1.2273853592673674,-0.29329231331746797,-0.6328365321756877,-0.06421042520716432,0
-1.070020761193285,-0.6675247233333842,-0.07121049599408058,-0.5816579797728574,-0.5164041132839512,-0.6270576403959385,1.2273853592673674,-0.040837189961379236,-0.6328365321756877,-0.06421042520716432,0
-1.070020761193285,-0.6675247233333842,-0.07121049599408058,-0.586219199862806,-0.5201556593187886,-0.6270576403959385,1.2273853592673674,-0.28076591406697504,-0.6328365321756877,-0.06421042520716432,0
-1.070020761193285,-0.6675247233333842,-0.07121049599408058,-0.576696506653121,-0.512323364176861,-0.6270576403959385,1.2273853592673674,-0.3376164952807507,-0.6328365321756877,-0.06421042520716432,0
-1.070020761193285,-0.6675247233333842,-0.07121049599408058,-0.5885960653441318,-0.5221106012194129,-0.6270576403959385,1.2273853592673674,0.4650366259239131,-0.6328365321756877,-0.06421042520716432,0
-1.070020761193285,-0.6675247233333842,-0.07121049599408058,-0.5868238975551219,-0.5206530155491714,-0.6270576403959385,1.2273853592673674,-0.42433772086108656,-0.6328365321756877,-0.06421042520716432,0
-1.070020761193285,-0.6675247233333842,-0.07121049599408058,-0.5798142092448977,-0.5148876352633969,-0.6270576403959385,1.2273853592673674,-0.05432715838498703,-0.6328365321756877,-0.06421042520716432,0
-1.070020761193285,-0.6675247233333842,-0.07121049599408058,-0.577897893836686,-0.5133114899931837,-0.6270576403959385,1.2273853592673674,-0.05721786590433156,-0.6328365321756877,-0.06421042520716432,0
-1.070020761193285,-0.6675247233333842,-0.07121049599408058,-0.576822125493384,-0.5124266840896904,-0.6270576403959385,1.2273853592673674,-0.34436147949255463,-0.6328365321756877,-0.06421042520716432,0
-1.070020761193285,-0.6675247233333842,-0.07121049599408058,-0.5867441295915549,-0.5205874074045247,-0.6270576403959385,1.2273853592673674,-0.08708851027089168,-0.6328365321756877,-0.06421042520716432,0
-1.070020761193285,-0.6675247233333842,-0.07121049599408058,-0.5799448528387712,-0.5149950879727395,-0.6270576403959385,1.2273853592673674,0.07382754163928702,-0.6328365321756877,-0.06421042520716432,0
-1.070020761193285,-0.6675247233333842,-0.07121049599408058,-0.5848030044623913,-0.5189908564515276,-0.6270576403959385,1.2273853592673674,0.058410434869449544,-0.6328365321756877,-0.06421042520716432,0
-1.070020761193285,-0.6675247233333842,-0.07121049599408058,-0.5781412803396955,-0.5135116723242906,-0.6270576403959385,1.2273853592673674,0.0025234228287886796,-0.6328365321756877,-0.06421042520716432,0
-1.070020761193285,-0.6675247233333842,-0.07121049599408058,-0.5867785177490769,-0.5206156912306618,-0.6270576403959385,1.2273853592673674,-0.5284031915574896,-0.6328365321756877,-0.06421042520716432,0
-1.070020761193285,-0.6675247233333842,-0.07121049599408058,-0.5873105135375906,-0.5210532510614945,-0.6270576403959385,1.2273853592673674,-0.3453250486656695,-0.6328365321756877,-0.06421042520716432,0
-1.070020761193285,-0.6675247233333842,-0.07121049599408058,-0.5833692224243398,-0.5178115887964704,-0.6270576403959385,1.2273853592673674,-0.48311544042109195,-0.6328365321756877,-0.06421042520716432,0
-1.070020761193285,-0.6675247233333842,-0.07121049599408058,-0.5861215312145015,-0.5200753280865638,-0.6270576403959385,1.2273853592673674,-0.49178756297912557,-0.6328365321756877,-0.06421042520716432,0
-1.070020761193285,-0.6675247233333842,-0.07121049599408058,-0.5734524001033297,-0.5096551274280403,-0.6270576403959385,1.2273853592673674,0.23667073189569543,-0.6328365321756877,-0.06421042520716432,0
-1.070020761193285,-0.6675247233333842,-0.07121049599408058,-0.5869873590710141,-0.5207874605857408,-0.6270576403959385,1.2273853592673674,-0.5004596855371591,-0.6328365321756877,-0.06421042520716432,0
-1.070020761193285,-0.6675247233333842,-0.07121049599408058,-0.5835600060379892,-0.5179685059140802,-0.6270576403959385,1.2273853592673674,-0.11503201629122212,-0.6328365321756877,-0.06421042520716432,0
-1.070020761193285,-0.6675247233333842,-0.07121049599408058,-0.5837424674034711,-0.518118578087465,-0.6270576403959385,1.2273853592673674,-0.4744433178630584,-0.6328365321756877,-0.06421042520716432,0
-1.070020761193285,-0.6675247233333842,-0.07121049599408058,-0.578714259274845,-0.513982940276684,-0.6270576403959385,1.2273853592673674,-0.262458099777793,-0.6328365321756877,-0.06421042520716432,0
-1.070020761193285,-0.6675247233333842,-0.07121049599408058,-0.5873342240936902,-0.521072752695041,-0.6270576403959385,1.2273853592673674,-0.4908239938060107,-0.6328365321756877,-0.06421042520716432,0
-1.070020761193285,-0.6675247233333842,-0.07121049599408058,-0.5878662198822039,-0.5215103125258738,-0.6270576403959385,1.2273853592673674,0.12586027698748853,-0.6328365321756877,-0.06421042520716432,0
1.4454666423137361,0.883649315292847,-0.07054116702028183,-0.5892781442420496,-0.5217333543876944,-0.11151563620121976,1.2273853592673674,-0.7047363502375057,-0.6328365321756877,-0.06421042520716432,1
0.8165947914369808,2.8853033644948223,-0.07110128742900189,-0.5894916927810879,-0.5226410198219011,-0.2519035046203766,1.2273853592673674,-0.7124449036224245,-0.6328365321756877,-0.06421042520716432,0
1.4454666423137361,4.23543784060623,-0.07096666443854328,-0.5894731046821378,-0.522535116911251,-0.39936975295982696,1.2273853592673674,-0.7124449036224245,-0.6328365321756877,-0.06421042520716432,1
0.8165947914369808,2.4694115938229095,-0.07101347402973748,-0.5894796194147564,-0.5225963339596024,-0.3002724340757163,1.2273853592673674,-0.70955419610308,-0.6328365321756877,-0.06421042520716432,0
0.8165947914369808,1.6652434803282146,-0.07104610598746798,-0.589450761975646,-0.522489526999715,-0.6258779104092228,1.2273853592673674,-0.7384612712965253,-0.6328365321756877,-0.06421042520716432,0
1.4454666423137361,2.269368169975129,-0.07055511049570433,-0.589410640713817,-0.5222782377779787,-0.2908345941819915,1.2273853592673674,-0.7085906269299651,-0.6328365321756877,-0.06421042520716432,1
0.8165947914369808,1.8066801829334185,-0.07114057511343637,-0.5894604625416162,-0.5225254306694231,-0.6258779104092228,1.2273853592673674,-0.7384612712965253,-0.6328365321756877,-0.06421042520716432,0
0.8165947914369808,0.5372912766077556,-0.07049619933591389,-0.5893520813977706,-0.5221242911078628,-0.6270576403959385,1.2273853592673674,-0.7394248404696401,-0.6328365321756877,-0.06421042520716432,0
0.8165947914369808,2.259423937994699,-0.07115103558806599,-0.5894763742613933,-0.522584323019736,-0.6258779104092228,1.2273853592673674,-0.7384612712965253,-0.6328365321756877,-0.06421042520716432,0
1.4454666423137361,1.795961014046102,-0.07060246340607786,-0.5893837582820007,-0.5221676854712513,-0.4099873228402674,1.2273853592673674,-0.7288255795653769,-0.6328365321756877,-0.06421042520716432,1
0.8165947914369808,1.12057521303819,-0.0707819033674869,-0.5894224977365868,-0.5223849155879752,-0.4383008425214419,1.2273853592673674,-0.7336434254309511,-0.6328365321756877,-0.06421042520716432,0
0.8165947914369808,1.9200591217058087,-0.07105487199125118,-0.5894660107070717,-0.5225459655020981,-0.2908345941819915,1.2273853592673674,-0.7259348720460322,-0.6328365321756877,-0.06421042520716432,0
0.8165947914369808,1.137119273490404,-0.07086455428421179,-0.5894237888191084,-0.5223896941339435,0.09021819152714841,1.2273853592673674,-0.7240077336998026,-0.6328365321756877,-0.06421042520716432,0
0.8165947914369808,1.3376909877700356,-0.07094447163272817,-0.5894377464680125,-0.5224413540903582,-0.6258779104092228,1.2273853592673674,-0.7384612712965253,-0.6328365321756877,-0.06421042520716432,0
1.4454666423137361,2.9245334116588944,-0.0709509339064389,-0.5894408520449003,-0.5224024799731561,-0.2695994544211106,1.2273853592673674,-0.7317162870847214,-0.6328365321756877,-0.06421042520716432,1
0.8165947914369808,2.1356866770065728,-0.07108354795042218,-0.5894725359079478,-0.5225701165317219,-0.18701835535101838,1.2273853592673674,-0.7259348720460322,-0.6328365321756877,-0.06421042520716432,0
0.8165947914369808,2.53860981039149,-0.07115848353171465,-0.5894839462859279,-0.522612348546091,-0.5008265318173689,1.2273853592673674,-0.7346069946040659,-0.6328365321756877,-0.06421042520716432,0
1.4454666423137361,2.695142129619714,-0.07085034267832063,-0.5894317760836912,-0.5223651556546465,-0.2519035046203766,1.2273853592673674,-0.7056999194106206,-0.6328365321756877,-0.06421042520716432,1
0.8165947914369808,2.2453970275690094,-0.07109309939860904,-0.5894759555319363,-0.5225827732210435,-0.21887106499233966,1.2273853592673674,-0.7076270577568503,-0.6328365321756877,-0.06421042520716432,0
1.4454666423137361,3.168589504962771,-0.07087981563414904,-0.5894480123187953,-0.5224319261483126,-0.31678865388973476,1.2273853592673674,-0.7066634885837354,-0.6328365321756877,-0.06421042520716432,1
0.8165947914369808,1.671042779755418,-0.07107614082793805,-0.5894510411285965,-0.5224905601988432,-0.3403832536240468,1.2273853592673674,-0.7230441645266877,-0.6328365321756877,-0.06421042520716432,0
0.8165947914369808,2.5832356329497386,-0.07110166641881,-0.5894825505210501,-0.5226071825504495,-0.31560892390301915,1.2273853592673674,-0.70955419610308,-0.6328365321756877,-0.06421042520716432,0
1.4454666423137361,2.2224111697286473,-0.07084992101350128,-0.5894081597417218,-0.5222680349365868,-0.10915617622778856,1.2273853592673674,-0.7056999194106206,-0.6328365321756877,-0.06421042520716432,1
0.8165947914369808,1.4620974850498973,-0.07101004101273045,-0.5894438180452815,-0.5224638261713986,-0.31442919391630353,1.2273853592673674,-0.7249713028729174,-0.6328365321756877,-0.06421042520716432,0
0.8165947914369808,2.6091850988502934,-0.07111795667370314,-0.5894856560979379,-0.5226186768907518,-0.3757751532255149,1.2273853592673674,-0.7076270577568503,-0.6328365321756877,-0.06421042520716432,0
0.8165947914369808,1.4460528089658762,-0.07107672378007142,-0.5894429107981296,-0.5224604682742316,-0.24482512470008294,1.2273853592673674,-0.7076270577568503,-0.6328365321756877,-0.06421042520716432,0
1.4454666423137361,1.1182525897325024,-0.07040342838633319,-0.5893156100611581,-0.5218874302077013,-0.3722359632653681,1.2273853592673674,-0.7114813344493096,-0.6328365321756877,-0.06421042520716432,1
0.8165947914369808,3.0795008963590185,-0.07113336944229119,-0.589496124334616,-0.5226574218580629,-0.3722359632653681,1.2273853592673674,-0.7114813344493096,-0.6328365321756877,-0.06421042520716432,0
0.8165947914369808,2.5979826721843096,-0.07110299658216103,-0.5894862144038702,-0.5226207432890083,-0.4064481328801206,1.2273853592673674,-0.7085906269299651,-0.6328365321756877,-0.06421042520716432,0
0.8165947914369808,1.7380657244381283,-0.07093627180774703,-0.5894586480472813,-0.5225187148750893,-0.2554426945805234,1.2273853592673674,-0.7056999194106206,-0.6328365321756877,-0.06421042520716432,0
0.8165947914369808,2.456618715406098,-0.07114469917055713,-0.5894827249916441,-0.5226078282999047,-0.3757751532255149,1.2273853592673674,-0.7326798562578362,-0.6328365321756877,-0.06421042520716432,0
1.4454666423137361,3.595721389284025,-0.07099324335809659,-0.5894601345368806,-0.5224817780062527,-0.4760522020963412,1.2273853592673674,-0.7172627494879987,-0.6328365321756877,-0.06421042520716432,1
0.8165947914369808,0.7308564240249014,-0.07115218068851668,-0.5893813226722505,-0.5222325187165516,-0.5008265318173689,1.2273853592673674,-0.7336434254309511,-0.6328365321756877,-0.06421042520716432,0
0.8165947914369808,1.347380266655837,-0.07110145051553785,-0.5894370136914547,-0.5224386419426464,-0.256622424567239,1.2273853592673674,-0.7230441645266877,-0.6328365321756877,-0.06421042520716432,0
1.4454666423137361,1.149347641773538,-0.07076531917069857,-0.5893198496970169,-0.5219048654429913,0.12678982111533213,1.2273853592673674,-0.7047363502375057,-0.6328365321756877,-0.06421042520716432,1
0.8165947914369808,1.3016858772186777,-0.0709321680192102,-0.5894340825851611,-0.5224277933517993,-0.31914811386316594,1.2273853592673674,-0.7056999194106206,-0.6328365321756877,-0.06421042520716432,0
1.4454666423137361,2.9770319251727937,-0.0709190550854905,-0.5894419512097525,-0.5224070002193424,-0.22594944491263327,1.2273853592673674,-0.7076270577568503,-0.6328365321756877,-0.06421042520716432,1
0.8165947914369808,2.6623470574863672,-0.07106900272066753,-0.5894844696977728,-0.5226142857944565,-0.11623455614808217,1.2273853592673674,-0.7066634885837354,-0.6328365321756877,-0.06421042520716432,0
0.8165947914369808,1.3102703421231663,-0.0710225736507287,-0.5894305582788162,-0.5224147492128046,-0.2707791844078262,1.2273853592673674,-0.7018456427181612,-0.6328365321756877,-0.06421042520716432,0
1.4454666423137361,2.8348479150890893,-0.07080811717903224,-0.5894352934112186,-0.5223796204424426,-0.2294886348727801,1.2273853592673674,-0.7047363502375057,-0.6328365321756877,-0.06421042520716432,1
0.8165947914369808,1.9007696652034198,-0.07113918259428824,-0.5894642311068241,-0.5225393788576551,-0.6270576403959385,1.2273853592673674,-0.7394248404696401,-0.6328365321756877,-0.06421042520716432,0
0.8165947914369808,1.4460528089658762,-0.07104576977835035,-0.5894429107981296,-0.5224604682742316,-0.42178462270742345,1.2273853592673674,-0.70955419610308,-0.6328365321756877,-0.06421042520716432,0
0.8165947914369808,2.6091850988502934,-0.07104797113956225,-0.5894856560979379,-0.5226186768907518,-0.3321251437170376,1.2273853592673674,-0.7268984412191472,-0.6328365321756877,-0.06421042520716432,0
1.4454666423137361,2.9204048349338128,-0.07092748244667205,-0.5894400355224385,-0.5223991220759892,-0.0018007474366686456,1.2273853592673674,-0.7085906269299651,-0.6328365321756877,-0.06421042520716432,1
0.8165947914369808,1.9876523715509937,-0.07112503826708083,-0.589468488189758,-0.5225551351443617,-0.4784116620697724,1.2273853592673674,-0.7259348720460322,-0.6328365321756877,-0.06421042520716432,0
0.8165947914369808,3.3552017794539992,-0.07109697148180875,-0.5895007303587694,-0.5226744696436797,-0.24010620475322053,1.2273853592673674,-0.7037727810643909,-0.6328365321756877,-0.06421042520716432,0
0.8165947914369808,2.5862044668014157,-0.07108491045554305,-0.5894859352509197,-0.5226197100898801,-0.2318480948462113,1.2273853592673674,-0.7085906269299651,-0.6328365321756877,-0.06421042520716432,0
0.8165947914369808,3.3845647457825416,-0.07113586295986053,-0.5895011839823453,-0.5226761485922632,-0.5008265318173689,1.2273853592673674,-0.727862010392262,-0.6328365321756877,-0.06421042520716432,0
1.4454666423137361,2.9514436895518794,-0.07070645667244066,-0.5894417627814922,-0.5224062253199963,-0.31442919391630353,1.2273853592673674,-0.7114813344493096,-0.6328365321756877,-0.06421042520716432,1
0.8165947914369808,1.9742558140705173,-0.07108175437341128,-0.5894669877424924,-0.5225495816990471,-0.49492788188379083,1.2273853592673674,-0.7220805953535729,-0.6328365321756877,-0.06421042520716432,0
0.8165947914369808,2.946923276490035,-0.07112095070363697,-0.5894929140753719,-0.5226455400680874,-0.33330487370375317,1.2273853592673674,-0.7114813344493096,-0.6328365321756877,-0.06421042520716432,0
1.4454666423137361,1.9029518181071003,-0.07066527408312821,-0.5893912326029964,-0.522198423145318,-0.17640078547057794,1.2273853592673674,-0.70955419610308,-0.6328365321756877,-0.06421042520716432,1
0.8165947914369808,2.0859505745285047,-0.07109064240892707,-0.589470895884207,-0.5225640464868432,-0.2660602644609638,1.2273853592673674,-0.7134084727955393,-0.6328365321756877,-0.06421042520716432,0
1.4454666423137361,1.911895061904514,-0.07073478684163417,-0.5893918292924876,-0.5222008769932477,-0.6258779104092228,1.2273853592673674,-0.7384612712965253,-0.6328365321756877,-0.06421042520716432,1
0.8165947914369808,2.4344992768904556,-0.07110875195478887,-0.5894786772734544,-0.5225928469125444,-0.6270576403959385,1.2273853592673674,-0.7394248404696401,-0.6328365321756877,-0.06421042520716432,0
0.8165947914369808,2.075008157328174,-0.07116342702728132,-0.589467580942575,-0.5225517772471947,-0.48431031200335045,1.2273853592673674,-0.7317162870847214,-0.6328365321756877,-0.06421042520716432,0
1.4454666423137361,1.873253434384912,-0.07095040663228105,-0.5893868359435872,-0.5221803421605729,-0.6258779104092228,1.2273853592673674,-0.7384612712965253,-0.6328365321756877,-0.06421042520716432,1
0.8165947914369808,1.6494880034273516,-0.07097512931026131,-0.5894534837171641,-0.5224996006912158,-0.4276832726410015,1.2273853592673674,-0.7124449036224245,-0.6328365321756877,-0.06421042520716432,0
0.8165947914369808,1.554887239922301,-0.07105161410012875,-0.589448807904773,-0.5224822946058169,-0.3403832536240468,1.2273853592673674,-0.7076270577568503,-0.6328365321756877,-0.06421042520716432,0
0.8165947914369808,1.54813629225858,-0.07088486318238449,-0.5894484589635536,-0.5224810031069065,-0.28965486419527586,1.2273853592673674,-0.70955419610308,-0.6328365321756877,-0.06421042520716432,0
1.4454666423137361,1.7582048179915122,-0.0705642850303476,-0.5893809632628049,-0.5221561911309489,-0.1964561952447432,1.2273853592673674,-0.7085906269299651,-0.6328365321756877,-0.06421042520716432,1
0.8165947914369808,0.6821613330946906,-0.07044844590851401,-0.5893767515422473,-0.5222156000808259,-0.08556157649347648,1.2273853592673674,-0.7037727810643909,-0.6328365321756877,-0.06421042520716432,0
0.8165947914369808,1.764821533322317,-0.07106511056033812,-0.5894597995532961,-0.5225229768214935,-0.4430197624683043,1.2273853592673674,-0.70955419610308,-0.6328365321756877,-0.06421042520716432,0
0.8165947914369808,1.420057383423647,-0.07092364983240272,-0.5894427014333854,-0.5224596933748854,-0.17640078547057794,1.2273853592673674,-0.7085906269299651,-0.6328365321756877,-0.06421042520716432,0
0.8165947914369808,1.114834215475354,-0.07110654005326893,-0.5894220441129796,-0.5223832366393917,-0.6258779104092228,1.2273853592673674,-0.7384612712965253,-0.6328365321756877,-0.06421042520716432,0
1.4454666423137361,2.5112877855913065,-0.07079973401025179,-0.589424929856897,-0.5223370009784004,-0.14572780581597225,1.2273853592673674,-0.7297891487384917,-0.6328365321756877,-0.06421042520716432,1
0.8165947914369808,1.7429035859048196,-0.07110165530986175,-0.5894577408000982,-0.5225153569779223,-0.4064481328801206,1.2273853592673674,-0.7288255795653769,-0.6328365321756877,-0.06421042520716432,0
0.8165947914369808,0.7877737731932496,-0.07086732987027955,-0.5893884410732093,-0.5222588652943232,-0.24482512470008294,1.2273853592673674,-0.7066634885837354,-0.6328365321756877,-0.06421042520716432,0
0.18772294056022545,-0.25537867542161036,-0.06855699039762288,-0.5889373896787198,-0.5211042652684541,0.43823853760825143,1.2273853592673674,-0.6257236780420886,-0.6328365321756877,-0.06421042520716432,0
0.18772294056022545,0.9174426579352105,-0.07084972871284106,-0.5894005642882686,-0.5224376087435182,-0.1551656457096971,1.2273853592673674,-0.6536671840624191,-0.6328365321756877,-0.06421042520716432,0
0.18772294056022545,1.1493036048032448,-0.07066453935182787,-0.5894213362608014,-0.5224974051430682,-0.16932240555028433,1.2273853592673674,-0.6835378284289793,-0.6328365321756877,-0.06421042520716432,0
0.18772294056022545,0.8895458585913265,-0.07094477795141162,-0.5893976481366151,-0.5224292140006007,-0.348641363531056,1.2273853592673674,-0.6864285359483238,-0.6328365321756877,-0.06421042520716432,0
0.18772294056022545,0.9754071791498623,-0.07089375253133352,-0.5894063068638279,-0.5224541399295709,0.1220709011684697,1.2273853592673674,-0.6893192434676683,-0.6328365321756877,-0.06421042520716432,0
0.8165947914369808,0.40724109008557574,-0.07043156388868378,-0.5893190017698452,-0.52200185701116,-0.11859401612151338,1.2273853592673674,-0.6931735201601277,-0.6328365321756877,-0.06421042520716432,0
0.8165947914369808,0.28906739867052617,-0.07040204991089406,-0.5892888183540632,-0.5218901423554131,-0.2342075548196425,1.2273853592673674,-0.7172627494879987,-0.6328365321756877,-0.06421042520716432,0
1.4454666423137361,-0.39166796758687705,-0.05891865731563194,-0.5880855104075864,-0.516220978738461,0.24830200974703928,1.2273853592673674,-0.7172627494879987,-0.6328365321756877,-0.06421042520716432,1
0.8165947914369808,0.7432984998177791,-0.07105702124064917,-0.589382927801904,-0.5222384596115394,-0.32150757383659717,1.2273853592673674,-0.721117026180458,-0.6328365321756877,-0.06421042520716432,0
0.8165947914369808,0.7702746189786054,-0.07087604640734017,-0.5893863125317422,-0.52225098715097,0.25302092969390166,1.2273853592673674,-0.70955419610308,-0.6328365321756877,-0.06421042520716432,0
0.8165947914369808,0.8045148457142925,-0.07109209373562453,-0.5893904300381696,-0.5222662268381123,-0.6258779104092228,1.2273853592673674,-0.7384612712965253,-0.6328365321756877,-0.06421042520716432,0
0.8165947914369808,0.9901925637534555,-0.0711203693022331,-0.5894097962760539,-0.5223379050276378,-0.3533602834779184,1.2273853592673674,-0.7288255795653769,-0.6328365321756877,-0.06421042520716432,0
0.8165947914369808,0.41146286002781524,-0.07062220545255964,-0.5893274461474441,-0.5220331112847908,0.27189660948135136,1.2273853592673674,-0.7191898878342284,-0.6328365321756877,-0.06421042520716432,0
0.8165947914369808,1.051531619847846,-0.07116093787534117,-0.5894152746532718,-0.5223581815605305,-0.38757245309267097,1.2273853592673674,-0.7297891487384917,-0.6328365321756877,-0.06421042520716432,0
0.8165947914369808,0.7392170439784883,-0.07083674234604265,-0.5893824043900592,-0.5222365223631739,-0.6258779104092228,1.2273853592673674,-0.7384612712965253,-0.6328365321756877,-0.06421042520716432,0
0.8165947914369808,1.0096323390422326,-0.07096750099556634,-0.5894115758763016,-0.5223444916720806,-0.07612373659975166,1.2273853592673674,-0.7191898878342284,-0.6328365321756877,-0.06421042520716432,0
0.8165947914369808,0.5573209631357219,-0.07076291128199816,-0.5893555359158779,-0.5221370769470755,-0.6258779104092228,1.2273853592673674,-0.7384612712965253,-0.6328365321756877,-0.06421042520716432,0
0.8165947914369808,1.3000922346515138,-0.07098571440547284,-0.5894339779028046,-0.5224274059021262,-0.17168186552371553,1.2273853592673674,-0.6873921051214386,-0.6328365321756877,-0.06421042520716432,0
0.8165947914369808,0.5034426974921897,-0.07099571111959818,-0.5893459749263829,-0.5221016898769314,-0.125672396041807,1.2273853592673674,-0.7018456427181612,-0.6328365321756877,-0.06421042520716432,0
0.8165947914369808,0.8451165174569553,-0.07094853511697713,-0.5893950709564418,-0.5222834037736201,0.10319522138102005,1.2273853592673674,-0.7182263186611135,-0.6328365321756877,-0.06421042520716432,0
-1.070020761193285,-0.6675247233333842,-0.07121049599408058,-0.5794378237947597,-0.5145780629745816,-0.6270576403959385,1.2273853592673674,1.2012034741836528,-0.6328365321756877,-0.06421042520716432,0
-1.070020761193285,-0.6675247233333842,-0.07121049599408058,-0.5744163676787977,-0.5104479786091153,-0.6270576403959385,1.2273853592673674,2.3170165766506403,-0.6328365321756877,-0.06421042520716432,0
-1.070020761193285,-0.6675247233333842,-0.07121049599408058,-0.5676274544803357,-0.5048641830701386,-0.6270576403959385,1.2273853592673674,1.8718476186715831,-0.6328365321756877,-0.06421042520716432,0
-1.070020761193285,-0.6675247233333842,-0.07121049599408058,-0.5782310978104835,-0.5135855460619637,-0.6270576403959385,1.2273853592673674,1.1376079087580733,-0.6328365321756877,-0.06421042520716432,0
-1.070020761193285,-0.6675247233333842,-0.07121049599408058,-0.5653633319081459,-0.5030019707912787,-0.6270576403959385,1.2273853592673674,-0.08034352605908777,-0.6328365321756877,-0.06421042520716432,0
-1.070020761193285,-0.6675247233333842,-0.07121049599408058,-0.5793040397298796,-0.5144680272674182,-0.6270576403959385,1.2273853592673674,3.2892578723235166,-0.6328365321756877,-0.06421042520716432,0
-1.070020761193285,-0.6675247233333842,-0.07121049599408058,-0.5776198051290539,-0.5130827655361574,-0.6270576403959385,1.2273853592673674,1.0566680982164265,-0.6328365321756877,-0.06421042520716432,0
-1.070020761193285,-0.6675247233333842,-0.07121049599408058,-0.5672212345556352,-0.5045300723020263,-0.6270576403959385,1.2273853592673674,0.18560156572060876,-0.6328365321756877,-0.06421042520716432,0
-1.070020761193285,-0.6675247233333842,-0.07121049599408058,-0.5714938453600796,-0.5080442408371381,-0.6270576403959385,1.2273853592673674,0.47563588682817637,-0.6328365321756877,-0.06421042520716432,0
-1.070020761193285,-0.6675247233333842,-0.07121049599408058,-0.5539676617901399,-0.49362917574906384,-0.6270576403959385,1.2273853592673674,1.8381226976125637,-0.6328365321756877,-0.06421042520716432,0
-1.070020761193285,-0.6675247233333842,-0.07121049599408058,-0.5716409764267376,-0.5081652542850396,-0.6270576403959385,1.2273853592673674,0.1547673521809338,-0.6328365321756877,-0.06421042520716432,0
-1.070020761193285,-0.6675247233333842,-0.07121049599408058,-0.5660259712905331,-0.5035469833314541,-0.6270576403959385,1.2273853592673674,-0.18922684262106498,-0.6328365321756877,-0.06421042520716432,0
-1.070020761193285,-0.6675247233333842,-0.07121049599408058,-0.5671234088837804,-0.5044496119199103,-0.6270576403959385,1.2273853592673674,1.5904854201220493,-0.6328365321756877,-0.06421042520716432,0
-1.070020761193285,-0.6675247233333842,-0.07121049599408058,-0.5635170490033808,-0.5014834263724678,-0.6270576403959385,1.2273853592673674,0.04202975892649723,-0.6328365321756877,-0.06421042520716432,0
-1.070020761193285,-0.6675247233333842,-0.07121049599408058,-0.5713800032860913,-0.5079506071661364,-0.6270576403959385,1.2273853592673674,2.234149627762764,-0.6328365321756877,-0.06421042520716432,0
-1.070020761193285,-0.6675247233333842,-0.07121049599408058,-0.5725785640457504,-0.5089364082844204,-0.6270576403959385,1.2273853592673674,2.1638090781253805,-0.6328365321756877,-0.06421042520716432,0
-1.070020761193285,-0.6675247233333842,-0.07121049599408058,-0.5832903966020747,-0.5177467555511699,-0.6270576403959385,1.2273853592673674,1.0884658809292163,-0.6328365321756877,-0.06421042520716432,0
-1.070020761193285,-0.6675247233333842,-0.07121049599408058,-0.5734139293334992,-0.5096234857047363,-0.6270576403959385,1.2273853592673674,0.5748835116590052,-0.6328365321756877,-0.06421042520716432,0
-1.070020761193285,-0.6675247233333842,-0.07121049599408058,-0.5684290597047638,-0.5055234932638815,-0.6270576403959385,1.2273853592673674,0.4804537326937506,-0.6328365321756877,-0.06421042520716432,0
-1.070020761193285,-0.6675247233333842,-0.07121049599408058,-0.5503408888481975,-0.4906462007157865,-0.6270576403959385,1.2273853592673674,2.0780514217181594,-0.6328365321756877,-0.06421042520716432,0
-1.070020761193285,-0.6675247233333842,-0.07121049599408058,-0.5769551244405123,-0.5125360740473985,-0.6270576403959385,1.2273853592673674,1.3052689448800558,-0.6328365321756877,-0.06421042520716432,0
-1.070020761193285,-0.6675247233333842,-0.07121049599408058,-0.5833263549951,-0.5177763308762173,-0.6270576403959385,1.2273853592673674,1.0296881613692108,-0.6328365321756877,-0.06421042520716432,0
-1.070020761193285,-0.6675247233333842,-0.07121049599408058,-0.5822136861174707,-0.5168611747483305,-0.6270576403959385,1.2273853592673674,0.4775630251744061,-0.6328365321756877,-0.06421042520716432,0
-1.070020761193285,-0.6675247233333842,-0.07121049599408058,-0.5752259811042926,-0.5111138754473011,-0.6270576403959385,1.2273853592673674,0.691475381605901,-0.6328365321756877,-0.06421042520716432,0
-1.070020761193285,-0.6675247233333842,-0.07121049599408058,-0.5648591292880404,-0.5025872704911595,-0.6270576403959385,1.2273853592673674,0.0323940671953488,-0.6328365321756877,-0.06421042520716432,0
-1.070020761193285,-0.6675247233333842,-0.07121049599408058,-0.5640272185183989,-0.5019030343684464,-0.6270576403959385,1.2273853592673674,0.2906306055901266,-0.6328365321756877,-0.06421042520716432,0
-1.070020761193285,-0.6675247233333842,-0.07121049599408058,-0.5528611168309735,-0.49271905646692743,-0.6270576403959385,1.2273853592673674,1.7880171006105918,-0.6328365321756877,-0.06421042520716432,0
-1.070020761193285,-0.6675247233333842,-0.07121049599408058,-0.580842870523101,-0.5157336961995791,-0.6270576403959385,1.2273853592673674,0.7001475041639347,-0.6328365321756877,-0.06421042520716432,0
-1.070020761193285,-0.6675247233333842,-0.07121049599408058,-0.5789353484337079,-0.5141647833232639,-0.6270576403959385,1.2273853592673674,0.9921089636177319,-0.6328365321756877,-0.06421042520716432,0
-1.070020761193285,-0.6675247233333842,-0.07121049599408058,-0.5745383749774031,-0.5105483280744509,-0.6270576403959385,1.2273853592673674,0.7666337771088588,-0.6328365321756877,-0.06421042520716432,0
-1.070020761193285,-0.6675247233333842,-0.07121049599408058,-0.5690423936923477,-0.5060279527382713,-0.6270576403959385,1.2273853592673674,0.2790677755127485,-0.6328365321756877,-0.06421042520716432,0
-1.070020761193285,-0.6675247233333842,-0.07121049599408058,-0.5751488825410811,-0.511050462850802,-0.6270576403959385,1.2273853592673674,0.8234843583226346,-0.6328365321756877,-0.06421042520716432,0
-1.070020761193285,-0.6675247233333842,-0.07121049599408058,-0.5814697085360133,-0.516249262564598,-0.6270576403959385,1.2273853592673674,0.8755170936708361,-0.6328365321756877,-0.06421042520716432,0
-1.070020761193285,-0.6675247233333842,-0.07121049599408058,-0.5834734860617581,-0.5178973443241188,-0.6270576403959385,1.2273853592673674,0.5719928041396606,-0.6328365321756877,-0.06421042520716432,0
-1.070020761193285,-0.6675247233333842,-0.07121049599408058,-0.5701249140483139,-0.5069183120870792,-0.6270576403959385,1.2273853592673674,2.2977451931883435,-0.6328365321756877,-0.06421042520716432,0
-1.070020761193285,-0.6675247233333842,-0.07121049599408058,-0.5690120881471342,-0.5060030268093012,-0.6270576403959385,1.2273853592673674,0.5989727409868763,-0.6328365321756877,-0.06421042520716432,0
-1.070020761193285,-0.6675247233333842,-0.07121049599408058,-0.552798778481493,-0.4926677839601858,-0.6270576403959385,1.2273853592673674,1.8496855276899418,-0.6328365321756877,-0.06421042520716432,0
-1.070020761193285,-0.6675247233333842,-0.07121049599408058,-0.574123675780985,-0.5102072432122227,-0.6270576403959385,1.2273853592673674,0.35518974018882105,-0.6328365321756877,-0.06421042520716432,0
-1.070020761193285,-0.6675247233333842,-0.07121049599408058,-0.5796066241113631,-0.5147168991074462,-0.6270576403959385,1.2273853592673674,0.9352583824039563,-0.6328365321756877,-0.06421042520716432,0
-1.070020761193285,-0.6675247233333842,-0.07121049599408058,-0.5689623116816801,-0.5059620862938425,-0.6270576403959385,1.2273853592673674,1.79957993068797,-0.6328365321756877,-0.06421042520716432,0
-0.44114891031652986,-0.6675247233333842,-0.028262761457543865,-0.5702169821910368,-0.4990379731856857,-0.6270576403959385,1.2273853592673674,-0.1352669689266338,-0.6328365321756877,-0.06421042520716432,0
-1.070020761193285,-0.6675247233333842,-0.07121049599408058,-0.5815116338239511,-0.5162837455855049,-0.6270576403959385,1.2273853592673674,0.7618159312432846,-0.6328365321756877,-0.06421042520716432,0
-1.070020761193285,-0.6675247233333842,-0.07121049599408058,-0.5727596121992794,-0.5090853181087859,-0.6270576403959385,1.2273853592673674,0.4149310289219413,-0.6328365321756877,-0.06421042520716432,0
-1.070020761193285,-0.6675247233333842,-0.07121049599408058,-0.5696921571436079,-0.5065623749873817,-0.6270576403959385,1.2273853592673674,0.5026158236753919,-0.6328365321756877,-0.06421042520716432,0
-1.070020761193285,-0.6675247233333842,-0.07121049599408058,-0.557040141599422,-0.49615625166698124,-0.6270576403959385,1.2273853592673674,1.855466942728631,-0.6328365321756877,-0.06421042520716432,0
-1.070020761193285,-0.6675247233333842,-0.07121049599408058,-0.5762672042665222,-0.5119702683747662,-0.6270576403959385,1.2273853592673674,2.5049125654080346,-0.6328365321756877,-0.06421042520716432,0
-1.070020761193285,-0.6675247233333842,-0.07121049599408058,-0.5762690885491262,-0.5119718181734587,-0.6270576403959385,1.2273853592673674,2.643666526336572,-0.6328365321756877,-0.06421042520716432,0
-1.070020761193285,-0.6675247233333842,-0.07121049599408058,-0.5771394700885983,-0.5126876960194757,-0.6270576403959385,1.2273853592673674,0.6326976620458957,-0.6328365321756877,-0.06421042520716432,0
-1.070020761193285,-0.6675247233333842,-0.07121049599408058,-0.5780690495065443,-0.5134522633744137,-0.6270576403959385,1.2273853592673674,2.8190361158434736,-0.6328365321756877,-0.06421042520716432,0
-1.070020761193285,-0.6675247233333842,-0.07121049599408058,-0.5764214013929451,-0.5120970935677644,-0.6270576403959385,1.2273853592673674,0.8947884771331329,-0.6328365321756877,-0.06421042520716432,0
-1.070020761193285,-0.6675247233333842,-0.07121049599408058,-0.5788246468307261,-0.5140737326500829,-0.6270576403959385,1.2273853592673674,1.243600517800706,-0.6328365321756877,-0.06421042520716432,0
-1.070020761193285,-0.6675247233333842,-0.07121049599408058,-0.5677635938984706,-0.5049761560256675,-0.6270576403959385,1.2273853592673674,0.3388090642458687,-0.6328365321756877,-0.06421042520716432,0
-1.070020761193285,-0.6675247233333842,-0.07121049599408058,-0.5515125985807504,-0.49160991720270325,-0.6270576403959385,1.2273853592673674,2.1599548014329213,-0.6328365321756877,-0.06421042520716432,0
-1.070020761193285,-0.6675247233333842,-0.07121049599408058,-0.5658728733289625,-0.5034210621876932,-0.6270576403959385,1.2273853592673674,1.7061137208958304,-0.6328365321756877,-0.06421042520716432,0
-1.070020761193285,-0.6675247233333842,-0.07121049599408058,-0.5666790322363502,-0.5040841177282762,-0.6270576403959385,1.2273853592673674,-0.06203571176990577,-0.6328365321756877,-0.06421042520716432,0
-1.070020761193285,-0.6675247233333842,-0.07121049599408058,-0.584448445285749,-0.5186992359975665,-0.6270576403959385,1.2273853592673674,1.1983127666643083,-0.6328365321756877,-0.06421042520716432,0
0.18772294056022545,1.5305875314242288,-0.0709239889720514,-0.5894459665262582,-0.5225683084332474,-0.2660602644609638,1.2273853592673674,-0.6816106900827495,-0.6328365321756877,-0.06421042520716432,0
0.18772294056022545,1.2890120778445788,-0.07094879641555271,-0.5894314754957386,-0.5225265930184425,-0.6258779104092228,1.2273853592673674,-0.7384612712965253,-0.6328365321756877,-0.06421042520716432,0
0.18772294056022545,1.321496950376081,-0.07091082577145733,-0.5894336289615851,-0.5225327922132122,-0.11387509617465097,1.2273853592673674,-0.7191898878342284,-0.6328365321756877,-0.06421042520716432,0
0.18772294056022545,1.0327300545228804,-0.07110672242231865,-0.589411600800681,-0.5224693796167132,-0.39936975295982696,1.2273853592673674,-0.6825742592558643,-0.6328365321756877,-0.06421042520716432,0
0.18772294056022545,1.2055246767849639,-0.07092838488752466,-0.5894255983285737,-0.5225096743827167,-0.6246981804225072,1.2273853592673674,-0.7374977021234104,-0.6328365321756877,-0.06421042520716432,0
0.8165947914369808,1.2680488942248325,-0.0710128757600838,-0.5894276620666726,-0.5224040297718485,-0.34274271359747804,1.2273853592673674,-0.6951006585063573,-0.6328365321756877,-0.06421042520716432,0
0.8165947914369808,0.9727346979612167,-0.07089921608523017,-0.5894032361810589,-0.5223136248481228,-0.11859401612151338,1.2273853592673674,-0.6825742592558643,-0.6328365321756877,-0.06421042520716432,0
1.4454666423137361,1.005881258890661,-0.0702509109064203,-0.5892953540231657,-0.5218041285279825,-0.23892647476650491,1.2273853592673674,-0.727862010392262,-0.6328365321756877,-0.06421042520716432,1
0.8165947914369808,0.967158392909298,-0.07115285131486969,-0.5894076328404682,-0.5223298977343934,-0.3793143431856617,1.2273853592673674,-0.7066634885837354,-0.6328365321756877,-0.06421042520716432,0
0.8165947914369808,1.2393918948527,-0.07101634071455512,-0.5894298603963772,-0.5224121662149839,-0.10915617622778856,1.2273853592673674,-0.6941370893332425,-0.6328365321756877,-0.06421042520716432,0
0.8165947914369808,0.5939688884913018,-0.07104535926508684,-0.5893615725990593,-0.5221594198782249,-0.2342075548196425,1.2273853592673674,-0.7240077336998026,-0.6328365321756877,-0.06421042520716432,0
0.8165947914369808,1.036272535249495,-0.07096505548803775,-0.5894139486766001,-0.5223532738646711,0.222347950039296,1.2273853592673674,-0.684501397602094,-0.6328365321756877,-0.06421042520716432,0
0.8165947914369808,0.2888088368043019,-0.07022473875228022,-0.5892971929434245,-0.5219211383292619,-0.2637008044875326,1.2273853592673674,-0.727862010392262,-0.6328365321756877,-0.06421042520716432,0
0.8165947914369808,0.7102531504401559,-0.07101966806978834,-0.5893786009307325,-0.5222224450250508,-0.4017292129332582,1.2273853592673674,-0.7008820735450464,-0.6328365321756877,-0.06421042520716432,0
0.8165947914369808,1.3479370239702884,-0.07109239146418335,-0.5894370485855736,-0.5224387710925374,-0.3568994734380653,1.2273853592673674,-0.7240077336998026,-0.6328365321756877,-0.06421042520716432,0
0.8165947914369808,0.6754979360591531,-0.0710058054807928,-0.589373820435985,-0.5222047514899788,-0.3132494639295879,1.2273853592673674,-0.7288255795653769,-0.6328365321756877,-0.06421042520716432,0
0.8165947914369808,0.722329709499954,-0.07109200105299208,-0.5893802060603546,-0.5222283859200385,-0.08556157649347648,1.2273853592673674,-0.721117026180458,-0.6328365321756877,-0.06421042520716432,0
0.8165947914369808,0.6948129800681532,-0.07098883829312638,-0.5893765072833843,-0.5222146960315887,0.09257765150057963,1.2273853592673674,-0.7162991803148838,-0.6328365321756877,-0.06421042520716432,0
0.8165947914369808,1.3630866529168482,-0.07113950999246818,-0.5894379907268755,-0.5224422581395954,-0.38167380315909294,1.2273853592673674,-0.7268984412191472,-0.6328365321756877,-0.06421042520716432,0
0.8165947914369808,1.461475879063107,-0.07111817800176065,-0.5894437831511625,-0.5224636970215076,-0.6258779104092228,1.2273853592673674,-0.7384612712965253,-0.6328365321756877,-0.06421042520716432,0
0.18772294056022545,1.3139575851081575,-0.07107809970552431,-0.5894331354589895,-0.5225313715644109,-0.25780215455395455,1.2273853592673674,-0.6922099509870128,-0.6328365321756877,-0.06421042520716432,0
0.18772294056022545,1.527231635110737,-0.07099297316324374,-0.5894457870707632,-0.5225677918336833,-0.07494400661303606,1.2273853592673674,-0.6854649667752089,-0.6328365321756877,-0.06421042520716432,0
-0.44114891031652986,1.5821864107127412,-0.07109130302287069,-0.5894295463492766,-0.5225760574267097,-0.6258779104092228,1.2273853592673674,-0.7384612712965253,-0.6328365321756877,-0.06421042520716432,0
0.18772294056022545,1.1976266418404944,-0.07114602177513588,-0.5894250150982618,-0.5225079954341332,-0.20707376512518363,1.2273853592673674,-0.6873921051214386,-0.6328365321756877,-0.06421042520716432,0
0.18772294056022545,1.1666895220866522,-0.07099505075296517,-0.5894226821769202,-0.5225012796397993,-0.32504676379674396,1.2273853592673674,-0.7124449036224245,-0.6328365321756877,-0.06421042520716432,0
0.8165947914369808,1.5169484911984514,-0.07098365410161776,-0.5894431201628424,-0.5224612431735779,-0.13982915588239425,1.2273853592673674,-0.6960642276794722,-0.6328365321756877,-0.06421042520716432,0
0.8165947914369808,0.39570079579700207,-0.0709561249793525,-0.5893163498165647,-0.5219920416194411,-0.021856157210833903,1.2273853592673674,-0.7172627494879987,-0.6328365321756877,-0.06421042520716432,0
1.4454666423137361,1.519848629491332,-0.07065929930196124,-0.5893583204668474,-0.5220630740595114,-0.15398591572298148,1.2273853592673674,-0.7105177652761948,-0.6328365321756877,-0.06421042520716432,1
0.8165947914369808,1.3501671340562038,-0.07101129943591702,-0.5894371881620488,-0.5224392876921016,-0.11623455614808217,1.2273853592673674,-0.697027796852587,-0.6328365321756877,-0.06421042520716432,0
0.8165947914369808,1.2167315577811528,-0.07102152657945335,-0.5894282552667551,-0.5224062253199963,-0.6270576403959385,1.2273853592673674,-0.7394248404696401,-0.6328365321756877,-0.06421042520716432,0
0.8165947914369808,0.9645979133104412,-0.07104738381408678,-0.5894073885816051,-0.5223289936851562,0.024153312271074628,1.2273853592673674,-0.6951006585063573,-0.6328365321756877,-0.06421042520716432,0
0.8165947914369808,0.8648189874678026,-0.07083797137577988,-0.5893972343920277,-0.5222914110668645,-0.3734156932520837,1.2273853592673674,-0.6873921051214386,-0.6328365321756877,-0.06421042520716432,0
0.8165947914369808,1.238395335143008,-0.07101982661491547,-0.5894297906081397,-0.5224119079152019,-0.18583862536430276,1.2273853592673674,-0.691246381813898,-0.6328365321756877,-0.06421042520716432,0
2.074338493190491,-0.66707230618894,3.9560486108454644,-0.16763602592728538,1.5592731755264304,-0.08556157649347648,1.2273853592673674,-0.6951006585063573,6.7587426568572,12.961587777235085,0
0.8165947914369808,1.9809705794670016,-0.07105148103663918,-0.5894672320013554,-0.5225504857482843,-0.39583056299968017,1.2273853592673674,-0.6989549351988167,-0.6328365321756877,-0.06421042520716432,0
0.8165947914369808,1.1632875418640858,-0.07102019636124117,-0.5894243122309218,-0.522391631382309,-0.6258779104092228,1.2273853592673674,-0.7384612712965253,-0.6328365321756877,-0.06421042520716432,0
0.8165947914369808,1.225534208452854,-0.07099375687983205,-0.5894288833609564,-0.5224085500180349,-0.6246981804225072,1.2273853592673674,-0.7374977021234104,-0.6328365321756877,-0.06421042520716432,0
0.8165947914369808,1.2559868968343577,-0.0710691431545852,-0.5894310119024234,-0.5224164281613881,-0.24482512470008294,1.2273853592673674,-0.6902828126407831,-0.6328365321756877,-0.06421042520716432,0
0.8165947914369808,1.4714653246948908,-0.07104902396478988,-0.5894443414571263,-0.5224657634197641,-0.3061710840092943,1.2273853592673674,-0.6979913660257019,-0.6328365321756877,-0.06421042520716432,0
0.8165947914369808,1.3911701860262888,-0.07103859416651466,-0.589439700538854,-0.5224485864842563,-0.12213320608166019,1.2273853592673674,-0.6960642276794722,-0.6328365321756877,-0.06421042520716432,0
1.4454666423137361,-0.47423459425948306,-0.0585720619677076,-0.5874827398225932,-0.5134942370890007,3.2601526658319746,1.2273853592673674,-0.6286143855614332,-0.6328365321756877,-0.06421042520716432,0
0.8165947914369808,0.19617640909088546,-0.07018634895634221,-0.5892686495513836,-0.5218154937183938,1.0776521904081084,1.2273853592673674,-0.6806471209096346,-0.6328365321756877,-0.06421042520716432,0
1.4454666423137361,1.9391021173624146,-0.07083459625557728,-0.5893936193609614,-0.5222082385370368,-0.09146022642705451,1.2273853592673674,-0.6873921051214386,-0.6328365321756877,-0.06421042520716432,1
0.8165947914369808,0.9568029747686616,-0.07084786181004153,-0.5894016659455557,-0.5223078131030261,-0.3580792034247809,1.2273853592673674,-0.6951006585063573,-0.6328365321756877,-0.06421042520716432,0
0.8165947914369808,0.8014407704965499,-0.07089540527646569,-0.589384567825645,-0.5222445296564181,-0.348641363531056,1.2273853592673674,-0.7085906269299651,-0.6328365321756877,-0.06421042520716432,0
1.4454666423137361,1.444779011389124,-0.07076127868210562,-0.5893510345741122,-0.5220331112847908,0.18105740050424987,1.2273853592673674,-0.715335611141769,-0.6328365321756877,-0.06421042520716432,1
0.8165947914369808,1.470211520662149,-0.07103081670094984,-0.5894442716688887,-0.5224655051199821,-0.6258779104092228,1.2273853592673674,-0.7384612712965253,-0.6328365321756877,-0.06421042520716432,0
0.8165947914369808,0.3688430038997133,-0.07104175131134803,-0.5893177455814426,-0.5219972076150826,-0.0548885968388708,1.2273853592673674,-0.7268984412191472,-0.6328365321756877,-0.06421042520716432,0
0.8165947914369808,0.9348382082576293,-0.07099388254061129,-0.5894044923694616,-0.5223182742442001,-0.10679671625435734,1.2273853592673674,-0.727862010392262,-0.6328365321756877,-0.06421042520716432,0
1.4454666423137361,1.307546988099478,-0.07072735107988608,-0.5893393520219677,-0.5219850675253251,-0.17876024544400915,1.2273853592673674,-0.7259348720460322,-0.6328365321756877,-0.06421042520716432,1
0.8165947914369808,0.970045356928202,-0.0710648809943372,-0.5894095520171909,-0.5223370009784004,-0.6258779104092228,1.2273853592673674,-0.7384612712965253,-0.6328365321756877,-0.06421042520716432,0
0.8165947914369808,1.0589755983088622,-0.07100628195800059,-0.5894174729829764,-0.5223663180036658,-0.6258779104092228,1.2273853592673674,-0.7384612712965253,-0.6328365321756877,-0.06421042520716432,0
0.8165947914369808,0.6136347555781868,-0.07090997793225665,-0.5893667718232639,-0.5221786632119894,-0.21887106499233966,1.2273853592673674,-0.7249713028729174,-0.6328365321756877,-0.06421042520716432,0
0.8165947914369808,0.6295226065898262,-0.07091212265822185,-0.5893691795177127,-0.5221875745544708,-0.6246981804225072,1.2273853592673674,-0.7374977021234104,-0.6328365321756877,-0.06421042520716432,0
1.4454666423137361,0.9623794913067137,-0.07004483732179664,-0.5892934069311416,-0.5217961212347383,-0.34628190355762484,1.2273853592673674,-0.727862010392262,-0.6328365321756877,-0.06421042520716432,1
0.8165947914369808,0.7446642533406237,-0.07100501629177329,-0.5893831022724981,-0.5222391053609946,-0.17286159551043112,1.2273853592673674,-0.7259348720460322,-0.6328365321756877,-0.06421042520716432,0
0.8165947914369808,0.9320270450369444,-0.07097761407772542,-0.5894042132164797,-0.5223172410450718,-0.29791297410228507,1.2273853592673674,-0.6864285359483238,-0.6328365321756877,-0.06421042520716432,0
1.4454666423137361,1.4651340874718808,-0.07060269264658171,-0.5893559023041725,-0.5220531295179015,-0.08084265654661407,1.2273853592673674,-0.6883556742945535,-0.6328365321756877,-0.06421042520716432,1
0.8165947914369808,1.2339236769674828,-0.07109079381986497,-0.5894294765610391,-0.5224107455661825,-0.27667783434140425,1.2273853592673674,-0.7201534570073432,-0.6328365321756877,-0.06421042520716432,0
1.4454666423137361,1.2388511661031798,-0.07062133200620006,-0.5893312810114809,-0.5219518760033287,0.085499271580286,1.2273853592673674,-0.6864285359483238,-0.6328365321756877,-0.06421042520716432,1
0.8165947914369808,0.6552930344273572,-0.0708415290380128,-0.5893648177524223,-0.5221714308180913,-0.28611567423512907,1.2273853592673674,-0.7201534570073432,-0.6328365321756877,-0.06421042520716432,0
0.8165947914369808,1.0092823676977356,-0.07110753854710732,-0.589406725593285,-0.5223265398372264,-0.11033590621450416,1.2273853592673674,-0.6941370893332425,-0.6328365321756877,-0.06421042520716432,0
1.4454666423137361,0.8481501779833263,-0.07044335133941798,-0.5892674666406272,-0.5216894434247419,0.19285470037140592,1.2273853592673674,-0.715335611141769,-0.6328365321756877,-0.06421042520716432,1
0.8165947914369808,1.1482472616684805,-0.07108386835921647,-0.5894231607249071,-0.5223873694359048,-0.33802379365061563,1.2273853592673674,-0.7201534570073432,-0.6328365321756877,-0.06421042520716432,1
0.8165947914369808,1.7421072765488954,-0.07112015188443233,-0.5894577059059793,-0.5225152278280313,-0.6246981804225072,1.2273853592673674,-0.7374977021234104,-0.6328365321756877,-0.06421042520716432,0
0.8165947914369808,0.8761696817362332,-0.07100227451006628,-0.5893984556863116,-0.5222959313130507,-0.6258779104092228,1.2273853592673674,-0.7384612712965253,-0.6328365321756877,-0.06421042520716432,0
1.4454666423137361,1.4361508213406116,-0.070738127820534,-0.5893530444755564,-0.5220413768778172,-0.6258779104092228,1.2273853592673674,-0.7384612712965253,-0.6328365321756877,-0.06421042520716432,1
0.8165947914369808,1.1025933397942265,-0.0710588522534311,-0.5894210670775588,-0.5223796204424426,-0.17522105548386235,1.2273853592673674,-0.7220805953535729,-0.6328365321756877,-0.06421042520716432,0
0.8165947914369808,0.8572526577178585,-0.07099824163404934,-0.5893981765333297,-0.5222948981139225,-0.36869677330522127,1.2273853592673674,-0.715335611141769,-0.6328365321756877,-0.06421042520716432,0
0.8165947914369808,1.5273570722447807,-0.07108721584569413,-0.5894485985400603,-0.5224815197064706,-0.6258779104092228,1.2273853592673674,-0.7384612712965253,-0.6328365321756877,-0.06421042520716432,0
0.8165947914369808,0.9937946469069736,-0.07105915733904482,-0.5894117503468955,-0.5223451374215358,0.020614122310927817,1.2273853592673674,-0.721117026180458,-0.6328365321756877,-0.06421042520716432,0
1.4454666423137361,1.6226545683263096,-0.07056340339854214,-0.5893712278026845,-0.5221161546647275,-0.6258779104092228,1.2273853592673674,-0.7384612712965253,-0.6328365321756877,-0.06421042520716432,1
0.8165947914369808,1.071201394411194,-0.07097942756243089,-0.5894169495711314,-0.5223643807553002,-0.6258779104092228,1.2273853592673674,-0.7384612712965253,-0.6328365321756877,-0.06421042520716432,0
0.8165947914369808,0.8983739593808365,-0.0709885284723482,-0.5894007935924913,-0.5223045843557502,-0.6258779104092228,1.2273853592673674,-0.7384612712965253,-0.6328365321756877,-0.06421042520716432,0
-1.070020761193285,-0.6675247233333842,-0.07121049599408058,-0.5793886754235068,-0.5145376390586871,-0.6270576403959385,1.2273853592673674,-0.5842902035981504,-0.6328365321756877,-0.06421042520716432,0
-1.070020761193285,-0.6675247233333842,-0.07121049599408058,-0.5776441437793548,-0.5131027837692681,-0.6270576403959385,1.2273853592673674,-0.10250561704072916,-0.6328365321756877,-0.06421042520716432,0
-1.070020761193285,-0.6675247233333842,-0.07121049599408058,-0.5791922389620456,-0.5143760725450001,-0.6270576403959385,1.2273853592673674,-0.04758217417318313,-0.6328365321756877,-0.06421042520716432,0
-1.070020761193285,-0.6675247233333842,-0.07121049599408058,-0.5688282135696994,-0.5058517922868971,-0.6270576403959385,1.2273853592673674,-0.011930114767933958,-0.6328365321756877,-0.06421042520716432,0
-1.070020761193285,-0.6675247233333842,-0.07121049599408058,-0.5602002405497873,-0.4987553932240972,-0.6270576403959385,1.2273853592673674,-0.12755841554171507,-0.6328365321756877,-0.06421042520716432,0
-1.070020761193285,-0.6675247233333842,-0.07121049599408058,-0.5799556874637438,-0.5150039993152211,-0.6270576403959385,1.2273853592673674,-0.30870942008730545,-0.6328365321756877,-0.06421042520716432,0
-1.070020761193285,-0.6675247233333842,-0.07121049599408058,-0.5794365676063571,-0.5145770297754534,-0.6270576403959385,1.2273853592673674,0.038175482234037855,-0.6328365321756877,-0.06421042520716432,0
-1.070020761193285,-0.6675247233333842,-0.07121049599408058,-0.5823339661570226,-0.5169601035648647,-0.6270576403959385,1.2273853592673674,0.30508414318684923,-0.6328365321756877,-0.06421042520716432,0
-1.070020761193285,-0.6675247233333842,-0.07121049599408058,-0.5777210853190159,-0.5131660672158761,-0.6270576403959385,1.2273853592673674,-0.2971465900099273,-0.6328365321756877,-0.06421042520716432,0
-1.070020761193285,-0.6675247233333842,-0.07121049599408058,-0.5688506679373964,-0.5058702607213154,-0.6270576403959385,1.2273853592673674,0.8177029432839454,-0.6328365321756877,-0.06421042520716432,0
-1.070020761193285,-0.6675247233333842,-0.07121049599408058,-0.5703635898448135,-0.5071146199214551,-0.6270576403959385,1.2273853592673674,0.245342854453729,-0.6328365321756877,-0.06421042520716432,0
-1.070020761193285,-0.6675247233333842,-0.07121049599408058,-0.5791587929458256,-0.5143485636182092,-0.6270576403959385,1.2273853592673674,-0.2971465900099273,-0.6328365321756877,-0.06421042520716432,0
-1.070020761193285,-0.6675247233333842,-0.07121049599408058,-0.5766537962474315,-0.5122882354064989,-0.6270576403959385,1.2273853592673674,-0.4542083652276467,-0.6328365321756877,-0.06421042520716432,0
-1.070020761193285,-0.6675247233333842,-0.07121049599408058,-0.5845454858398522,-0.5187790506302272,-0.6270576403959385,1.2273853592673674,-0.5129860847876521,-0.6328365321756877,-0.06421042520716432,0
-1.070020761193285,-0.6675247233333842,-0.07121049599408058,-0.558261156726778,-0.4971605212196835,-0.6270576403959385,1.2273853592673674,1.9132810931155215,-0.6328365321756877,-0.06421042520716432,0
-1.070020761193285,-0.6675247233333842,-0.07121049599408058,-0.5837489053690346,-0.5181238732329975,-0.6270576403959385,1.2273853592673674,1.066303789947575,-0.6328365321756877,-0.06421042520716432,0
-1.070020761193285,-0.6675247233333842,-0.07121049599408058,-0.5801945202837938,-0.5152004362994881,-0.6270576403959385,1.2273853592673674,0.312792696571768,-0.6328365321756877,-0.06421042520716432,0
-1.070020761193285,-0.6675247233333842,-0.07121049599408058,-0.5766421765047073,-0.5122786783145622,-0.6270576403959385,1.2273853592673674,0.4014410604983335,-0.6328365321756877,-0.06421042520716432,0
-1.070020761193285,-0.6675247233333842,-0.07121049599408058,-0.5765153014760417,-0.5121743252026044,-0.6270576403959385,1.2273853592673674,-0.48696971711355136,-0.6328365321756877,-0.06421042520716432,0
-1.070020761193285,-0.6675247233333842,-0.07121049599408058,-0.5570773561808499,-0.49618686019115693,-0.6270576403959385,1.2273853592673674,1.633846032912217,-0.6328365321756877,-0.06421042520716432,0
-1.070020761193285,-0.6675247233333842,-0.07121049599408058,-0.5812385698699294,-0.5160591539249919,-0.6270576403959385,1.2273853592673674,0.9217684139803485,-0.6328365321756877,-0.06421042520716432,0
-1.070020761193285,-0.6675247233333842,-0.07121049599408058,-0.5764325500650184,-0.5121062632100281,-0.6270576403959385,1.2273853592673674,-0.28847446745189376,-0.6328365321756877,-0.06421042520716432,0
-1.070020761193285,-0.6675247233333842,-0.07121049599408058,-0.5824283373107702,-0.5170377226493779,-0.6270576403959385,1.2273853592673674,-0.5602009742702794,-0.6328365321756877,-0.06421042520716432,0
-1.070020761193285,-0.6675247233333842,-0.07121049599408058,-0.5833645117178299,-0.5178077142997394,-0.6270576403959385,1.2273853592673674,-0.3838678155902632,-0.6328365321756877,-0.06421042520716432,0
-1.070020761193285,-0.6675247233333842,-0.07121049599408058,-0.5675530253174799,-0.5048029660217871,-0.6270576403959385,1.2273853592673674,1.9807309352335605,-0.6328365321756877,-0.06421042520716432,0
-1.070020761193285,-0.6675247233333842,-0.07121049599408058,-0.561336462959966,-0.49968992183563954,-0.6270576403959385,1.2273853592673674,1.7677821479751803,-0.6328365321756877,-0.06421042520716432,0
-1.070020761193285,-0.6675247233333842,-0.07121049599408058,-0.5876908245764867,-0.5213660520975857,-0.6270576403959385,1.2273853592673674,0.4110767522294819,-0.6328365321756877,-0.06421042520716432,0
-1.070020761193285,-0.6675247233333842,-0.07121049599408058,-0.5833805281199634,-0.5178208875886251,-0.6270576403959385,1.2273853592673674,0.29930272814816017,-0.6328365321756877,-0.06421042520716432,0
-1.070020761193285,-0.6675247233333842,-0.07121049599408058,-0.575302137526202,-0.511176513144454,-0.6270576403959385,1.2273853592673674,-0.44264553515026855,-0.6328365321756877,-0.06421042520716432,0
-1.070020761193285,-0.6675247233333842,-0.07121049599408058,-0.5866255768110566,-0.5204898992367919,-0.6270576403959385,1.2273853592673674,-0.14393909148466738,-0.6328365321756877,-0.06421042520716432,0
-1.070020761193285,-0.6675247233333842,-0.07121049599408058,-0.5763771207517524,-0.512060673298492,-0.6270576403959385,1.2273853592673674,-0.43782768928469434,-0.6328365321756877,-0.06421042520716432,0
-1.070020761193285,-0.6675247233333842,-0.07121049599408058,-0.5842878101937627,-0.5185671156590358,-0.6270576403959385,1.2273853592673674,1.176150675682667,-0.6328365321756877,-0.06421042520716432,0
-1.070020761193285,-0.6675247233333842,-0.07121049599408058,-0.5891396808753697,-0.5225577181421824,-0.6270576403959385,1.2273853592673674,-0.14008481479220802,-0.6328365321756877,-0.06421042520716432,0
-1.070020761193285,-0.6675247233333842,-0.07121049599408058,-0.5850625643910846,-0.5192043412214115,-0.6270576403959385,1.2273853592673674,-0.04565503582695345,-0.6328365321756877,-0.06421042520716432,0
-1.070020761193285,-0.6675247233333842,-0.07121049599408058,-0.5688442299718328,-0.5058649655757829,-0.6270576403959385,1.2273853592673674,1.9094268164230621,-0.6328365321756877,-0.06421042520716432,0
-1.070020761193285,-0.6675247233333842,-0.07121049599408058,-0.5831842486820525,-0.5176594502248291,-0.6270576403959385,1.2273853592673674,-0.007112268902359746,-0.6328365321756877,-0.06421042520716432,0
-1.070020761193285,-0.6675247233333842,-0.07121049599408058,-0.576015809562446,-0.5117634993992163,-0.6270576403959385,1.2273853592673674,0.0911717867553542,-0.6328365321756877,-0.06421042520716432,0
-1.070020761193285,-0.6675247233333842,-0.07121049599408058,-0.5824134200734888,-0.5170254534097293,-0.6270576403959385,1.2273853592673674,0.21065436422159467,-0.6328365321756877,-0.06421042520716432,0
-1.070020761193285,-0.6675247233333842,-0.07121049599408058,-0.5841067620402337,-0.5184182058346704,-0.6270576403959385,1.2273853592673674,-0.23066031706500323,-0.6328365321756877,-0.06421042520716432,0
-1.070020761193285,-0.6675247233333842,-0.07121049599408058,-0.5844982217512033,-0.5187401765130252,-0.6270576403959385,1.2273853592673674,-0.47540688703617323,-0.6328365321756877,-0.06421042520716432,0
-1.070020761193285,-0.6675247233333842,-0.07121049599408058,-0.5853511736765888,-0.5194417187211371,-0.6270576403959385,1.2273853592673674,-0.10443275538695884,-0.6328365321756877,-0.06421042520716432,0
-1.070020761193285,-0.6675247233333842,-0.07121049599408058,-0.5793528740540319,-0.5145081928835308,-0.6270576403959385,1.2273853592673674,0.8832256470557548,-0.6328365321756877,-0.06421042520716432,0
-1.070020761193285,-0.6675247233333842,-0.07121049599408058,-0.5875815361854579,-0.521276163773424,-0.6270576403959385,1.2273853592673674,-0.48986042463289586,-0.6328365321756877,-0.06421042520716432,0
-1.070020761193285,-0.6675247233333842,-0.07121049599408058,-0.5663456712390024,-0.503809932509605,-0.6270576403959385,1.2273853592673674,2.0452900698322547,-0.6328365321756877,-0.06421042520716432,0
-1.070020761193285,-0.6675247233333842,-0.07121049599408058,-0.5749929581556047,-0.5109222170090025,-0.6270576403959385,1.2273853592673674,1.126045078680695,-0.6328365321756877,-0.06421042520716432,0
-1.070020761193285,-0.6675247233333842,-0.07121049599408058,-0.5746151594935138,-0.5106114823711679,-0.6270576403959385,1.2273853592673674,0.17403873564323066,-0.6328365321756877,-0.06421042520716432,0
-1.070020761193285,-0.6675247233333842,-0.07121049599408058,-0.5783633116398603,-0.5136942902702167,-0.6270576403959385,1.2273853592673674,-0.45517193440076154,-0.6328365321756877,-0.06421042520716432,0
-1.070020761193285,-0.6675247233333842,-0.07121049599408058,-0.5810426044791192,-0.5158979748609779,-0.6270576403959385,1.2273853592673674,-0.22102462533385478,-0.6328365321756877,-0.06421042520716432,0
-1.070020761193285,-0.6675247233333842,-0.07121049599408058,-0.5851360514126385,-0.5192647833704167,-0.6270576403959385,1.2273853592673674,-0.4956418396715849,-0.6328365321756877,-0.06421042520716432,0
-1.070020761193285,-0.6675247233333842,-0.07121049599408058,-0.5744796481695802,-0.5105000260152032,-0.6270576403959385,1.2273853592673674,-0.41759273664928265,-0.6328365321756877,-0.06421042520716432,0
-1.070020761193285,-0.6675247233333842,-0.07121049599408058,-0.5774750294156508,-0.5129636893366215,-0.6270576403959385,1.2273853592673674,-0.45517193440076154,-0.6328365321756877,-0.06421042520716432,0
-1.070020761193285,-0.6675247233333842,-0.07121049599408058,-0.5545985824153608,-0.49414810001124976,-0.6270576403959385,1.2273853592673674,1.7398386419548497,-0.6328365321756877,-0.06421042520716432,0
-1.070020761193285,-0.6675247233333842,-0.07121049599408058,-0.5854703545512884,-0.519539743488434,-0.6270576403959385,1.2273853592673674,-0.4860061479404365,-0.6328365321756877,-0.06421042520716432,0
-1.070020761193285,-0.6675247233333842,-0.07121049599408058,-0.5789857529933633,-0.5142062404382867,-0.6270576403959385,1.2273853592673674,0.24245214693438447,-0.6328365321756877,-0.06421042520716432,0
-1.070020761193285,-0.6675247233333842,-0.07121049599408058,-0.5848892103915218,-0.5190617597417068,-0.6270576403959385,1.2273853592673674,0.020831237117970688,-0.6328365321756877,-0.06421042520716432,0
-1.070020761193285,-0.6675247233333842,-0.07121049599408058,-0.5805908477248235,-0.515526410624465,-0.6270576403959385,1.2273853592673674,-0.3366529261076359,-0.6328365321756877,-0.06421042520716432,0
-1.070020761193285,-0.6675247233333842,-0.07121049599408058,-0.5858062279254415,-0.5198159951053618,-0.6270576403959385,1.2273853592673674,0.3590440168812804,-0.6328365321756877,-0.06421042520716432,0
-1.070020761193285,-0.6675247233333842,-0.07121049599408058,-0.5781706437436069,-0.5135358233539146,-0.6270576403959385,1.2273853592673674,-0.004221561383015218,-0.6328365321756877,-0.06421042520716432,0
-1.070020761193285,-0.6675247233333842,-0.07121049599408058,-0.5601162329503615,-0.49868629803239245,-0.6270576403959385,1.2273853592673674,1.8323412825738747,-0.6328365321756877,-0.06421042520716432,0
-1.070020761193285,-0.6675247233333842,-0.07121049599408058,-0.588202564327008,-0.5217869515924747,-0.6270576403959385,1.2273853592673674,-0.6209058321765144,-0.6328365321756877,-0.06421042520716432,0
-1.070020761193285,-0.6675247233333842,-0.07121049599408058,-0.582225305860195,-0.5168707318402672,-0.6270576403959385,1.2273853592673674,-0.18055472006303142,-0.6328365321756877,-0.06421042520716432,0
-1.070020761193285,-0.6675247233333842,-0.07121049599408058,-0.5688440729482825,-0.5058648364258919,-0.6270576403959385,1.2273853592673674,-0.11406844711810726,-0.6328365321756877,-0.06421042520716432,0
-1.070020761193285,-0.6675247233333842,-0.07121049599408058,-0.572853512282376,-0.5091625497436258,-0.6270576403959385,1.2273853592673674,-0.20175324187155794,-0.6328365321756877,-0.06421042520716432,0
-1.070020761193285,-0.6675247233333842,-0.07121049599408058,-0.5700520551209614,-0.506858386537638,-0.6270576403959385,1.2273853592673674,0.3262826649953758,-0.6328365321756877,-0.06421042520716432,0
-1.070020761193285,-0.6675247233333842,-0.07121049599408058,-0.5723072273507823,-0.5087132372727088,-0.6270576403959385,1.2273853592673674,2.086723544276193,-0.6328365321756877,-0.06421042520716432,0
-1.070020761193285,-0.6675247233333842,-0.07121049599408058,-0.5867756913251709,-0.5206133665326231,-0.6270576403959385,1.2273853592673674,-0.014820822287278487,-0.6328365321756877,-0.06421042520716432,0
-1.070020761193285,-0.6675247233333842,-0.07121049599408058,-0.5739424706039056,-0.5100582042379662,-0.6270576403959385,1.2273853592673674,-0.4956418396715849,-0.6328365321756877,-0.06421042520716432,0
-1.070020761193285,-0.6675247233333842,-0.07121049599408058,-0.5846032705063732,-0.5188265777901288,-0.6270576403959385,1.2273853592673674,0.40722247553702257,-0.6328365321756877,-0.06421042520716432,0
-1.070020761193285,-0.6675247233333842,-0.07121049599408058,-0.5800134721302648,-0.5150515264751226,-0.6270576403959385,1.2273853592673674,0.9949996711370765,-0.6328365321756877,-0.06421042520716432,0
-1.070020761193285,-0.6675247233333842,-0.07121049599408058,-0.5651480526206452,-0.5028249062906672,-0.6270576403959385,1.2273853592673674,1.6242103411810687,-0.6328365321756877,-0.06421042520716432,0
-1.070020761193285,-0.6675247233333842,-0.07121049599408058,-0.5841468030455675,-0.5184511390568848,-0.6270576403959385,1.2273853592673674,-0.27016665316271177,-0.6328365321756877,-0.06421042520716432,0
-1.070020761193285,-0.6675247233333842,-0.07121049599408058,-0.5772173537695613,-0.5127517543654301,-0.6270576403959385,1.2273853592673674,0.2906306055901266,-0.6328365321756877,-0.06421042520716432,0
-1.070020761193285,-0.6675247233333842,-0.07121049599408058,-0.5765457640448054,-0.5121993802814656,-0.6270576403959385,1.2273853592673674,-0.5149132231338818,-0.6328365321756877,-0.06421042520716432,0
-1.070020761193285,-0.6675247233333842,-0.07121049599408058,-0.5532547748716475,-0.4930428352437567,-0.6270576403959385,1.2273853592673674,-0.40217562987944516,-0.6328365321756877,-0.06421042520716432,0
-1.070020761193285,-0.6675247233333842,-0.07121049599408058,-0.580640310143177,-0.5155670928401416,-0.6270576403959385,1.2273853592673674,-0.6189786938302848,-0.6328365321756877,-0.06421042520716432,0
-1.070020761193285,-0.6675247233333842,-0.07121049599408058,-0.5702057811767332,-0.506984824280963,-0.6270576403959385,1.2273853592673674,-0.04950931251941282,-0.6328365321756877,-0.06421042520716432,0
-1.070020761193285,-0.6675247233333842,-0.07121049599408058,-0.5755841518225924,-0.5114084663487561,-0.6270576403959385,1.2273853592673674,1.0431781297928187,-0.6328365321756877,-0.06421042520716432,0
-1.070020761193285,-0.6675247233333842,-0.07121049599408058,-0.5513171042605912,-0.4914491255883624,-0.6270576403959385,1.2273853592673674,-0.2875108982787789,-0.6328365321756877,-0.06421042520716432,0
-1.070020761193285,-0.6675247233333842,-0.07121049599408058,-0.574453739283776,-0.5104787162831821,-0.6270576403959385,1.2273853592673674,0.04492046644584175,-0.6328365321756877,-0.06421042520716432,0
-1.070020761193285,-0.6675247233333842,-0.07121049599408058,-0.5732104268122732,-0.5094561074459526,-0.6270576403959385,1.2273853592673674,2.019273702158154,-0.6328365321756877,-0.06421042520716432,0
-1.070020761193285,-0.6675247233333842,-0.07121049599408058,-0.5769540252756601,-0.5125351699981613,-0.6270576403959385,1.2273853592673674,0.1933101191055275,-0.6328365321756877,-0.06421042520716432,0
-1.070020761193285,-0.6675247233333842,-0.07121049599408058,-0.583350693645401,-0.517796349109328,-0.6270576403959385,1.2273853592673674,-0.2393324396230368,-0.6328365321756877,-0.06421042520716432,0
-1.070020761193285,-0.6675247233333842,-0.07121049599408058,-0.5790584548971656,-0.5142660368378367,-0.6270576403959385,1.2273853592673674,0.416858167268171,-0.6328365321756877,-0.06421042520716432,0
-1.070020761193285,-0.6675247233333842,-0.07121049599408058,-0.5817602021041214,-0.5164881898630161,-0.6270576403959385,1.2273853592673674,-0.3433979103194398,-0.6328365321756877,-0.06421042520716432,0
-1.070020761193285,-0.6675247233333842,-0.07121049599408058,-0.5776981598806679,-0.5131472113317848,-0.6270576403959385,1.2273853592673674,-0.09576063282892526,-0.6328365321756877,-0.06421042520716432,0
-1.070020761193285,-0.6675247233333842,-0.07121049599408058,-0.5769110008228701,-0.5124997829280172,-0.6270576403959385,1.2273853592673674,-0.4657711953050248,-0.6328365321756877,-0.06421042520716432,0
-1.070020761193285,-0.6675247233333842,-0.07121049599408058,-0.5808851098581395,-0.515768437520268,-0.6270576403959385,1.2273853592673674,-0.5833266344250356,-0.6328365321756877,-0.06421042520716432,0
-1.070020761193285,-0.6675247233333842,-0.07121049599408058,-0.5781295035734209,-0.5135019860824629,-0.6270576403959385,1.2273853592673674,0.9516390583469085,-0.6328365321756877,-0.06421042520716432,0
-1.070020761193285,-0.6675247233333842,-0.07121049599408058,-0.5847092614028451,-0.5189137539665786,-0.6270576403959385,1.2273853592673674,-0.16321047494696425,-0.6328365321756877,-0.06421042520716432,0
-1.070020761193285,-0.6675247233333842,-0.07121049599408058,-0.5842958183948296,-0.5185737023034787,-0.6270576403959385,1.2273853592673674,0.16536661308519707,-0.6328365321756877,-0.06421042520716432,0
-1.070020761193285,-0.6675247233333842,-0.07121049599408058,-0.5799635386412603,-0.5150104568097729,-0.6270576403959385,1.2273853592673674,-0.488896855459781,-0.6328365321756877,-0.06421042520716432,0
-1.070020761193285,-0.6675247233333842,-0.07121049599408058,-0.5771239247571157,-0.5126749101802631,-0.6270576403959385,1.2273853592673674,0.15380378300781897,-0.6328365321756877,-0.06421042520716432,0
-1.070020761193285,-0.6675247233333842,-0.07121049599408058,-0.5626438410400029,-0.500765223828412,-0.6270576403959385,1.2273853592673674,1.70804085924206,-0.6328365321756877,-0.06421042520716432,0
-1.070020761193285,-0.6675247233333842,-0.07121049599408058,-0.5721999802659079,-0.5086250278971306,-0.6270576403959385,1.2273853592673674,-0.004221561383015218,-0.6328365321756877,-0.06421042520716432,0
-1.070020761193285,-0.6675247233333842,-0.07121049599408058,-0.5808226144851086,-0.5157170358636354,-0.6270576403959385,1.2273853592673674,0.27424992964717426,-0.6328365321756877,-0.06421042520716432,0
-1.070020761193285,-0.6675247233333842,-0.07121049599408058,-0.5707140664091472,-0.5074028824782493,-0.6270576403959385,1.2273853592673674,0.7117103342413128,-0.6328365321756877,-0.06421042520716432,0
-1.070020761193285,-0.6675247233333842,-0.07121049599408058,-0.5537294570642913,-0.493433255364361,-0.6270576403959385,1.2273853592673674,-0.06588998846236514,-0.6328365321756877,-0.06421042520716432,0
-1.070020761193285,-0.6675247233333842,-0.07121049599408058,-0.5885139420273099,-0.5220430558264006,-0.6270576403959385,1.2273853592673674,-0.09768777117515494,-0.6328365321756877,-0.06421042520716432,0
-1.070020761193285,-0.6675247233333842,-0.07121049599408058,-0.582056191496491,-0.5167316374076205,-0.6270576403959385,1.2273853592673674,-0.059145004250561246,-0.6328365321756877,-0.06421042520716432,0
-1.070020761193285,-0.6675247233333842,-0.07121049599408058,-0.5713305408677377,-0.5079099249504598,-0.6270576403959385,1.2273853592673674,0.6500419071619629,-0.6328365321756877,-0.06421042520716432,0
-1.070020761193285,-0.6675247233333842,-0.07121049599408058,-0.5789097535950042,-0.5141437318910248,-0.6270576403959385,1.2273853592673674,0.2684685146084852,-0.6328365321756877,-0.06421042520716432,0
-1.070020761193285,-0.6675247233333842,-0.07121049599408058,-0.5809232665808693,-0.51579982094379,-0.6270576403959385,1.2273853592673674,0.3542261710157062,-0.6328365321756877,-0.06421042520716432,0
-1.070020761193285,-0.6675247233333842,-0.07121049599408058,-0.5751521800356381,-0.5110531749985139,-0.6270576403959385,1.2273853592673674,0.12104243112191432,-0.6328365321756877,-0.06421042520716432,0
-1.070020761193285,-0.6675247233333842,-0.07121049599408058,-0.5765212683709541,-0.5121792328984638,-0.6270576403959385,1.2273853592673674,0.0844268025435503,-0.6328365321756877,-0.06421042520716432,0
-1.070020761193285,-0.6675247233333842,-0.07121049599408058,-0.5722004513365588,-0.5086254153468037,-0.6270576403959385,1.2273853592673674,-0.35399717122370306,-0.6328365321756877,-0.06421042520716432,0
-1.070020761193285,-0.6675247233333842,-0.07121049599408058,-0.5834899735345426,-0.5179109050626778,-0.6270576403959385,1.2273853592673674,0.2501607003193032,-0.6328365321756877,-0.06421042520716432,0
-1.070020761193285,-0.6675247233333842,-0.07121049599408058,-0.578601045295058,-0.5138898232052465,-0.6270576403959385,1.2273853592673674,-0.3838678155902632,-0.6328365321756877,-0.06421042520716432,0
-1.070020761193285,-0.6675247233333842,-0.07121049599408058,-0.5845751632908643,-0.5188034599596332,-0.6270576403959385,1.2273853592673674,0.4582916417121092,-0.6328365321756877,-0.06421042520716432,0
-1.070020761193285,-0.6675247233333842,-0.07121049599408058,-0.5637552537292295,-0.5016793467571706,-0.6270576403959385,1.2273853592673674,0.10080747848650262,-0.6328365321756877,-0.06421042520716432,0
-1.070020761193285,-0.6675247233333842,-0.07121049599408058,-0.5752193861151788,-0.5111084511518776,-0.6270576403959385,1.2273853592673674,-0.24704099300795554,-0.6328365321756877,-0.06421042520716432,0
-1.070020761193285,-0.6675247233333842,-0.07121049599408058,-0.5882931669155477,-0.5218614710796029,-0.6270576403959385,1.2273853592673674,0.4794901635206357,-0.6328365321756877,-0.06421042520716432,0
-1.070020761193285,-0.6675247233333842,-0.07121049599408058,-0.5784620794530171,-0.5137755255516789,-0.6270576403959385,1.2273853592673674,0.312792696571768,-0.6328365321756877,-0.06421042520716432,0
-1.070020761193285,-0.6675247233333842,-0.07121049599408058,-0.5854621893266713,-0.5195330276941001,-0.6270576403959385,1.2273853592673674,-0.48696971711355136,-0.6328365321756877,-0.06421042520716432,0
-1.070020761193285,-0.6675247233333842,-0.07121049599408058,-0.5687594372546554,-0.505795224634623,-0.6270576403959385,1.2273853592673674,-0.007112268902359746,-0.6328365321756877,-0.06421042520716432,0
-1.070020761193285,-0.6675247233333842,-0.07121049599408058,-0.5650296568636973,-0.5027275272728254,-0.6270576403959385,1.2273853592673674,0.16247590556585254,-0.6328365321756877,-0.06421042520716432,0
-1.070020761193285,-0.6675247233333842,-0.07121049599408058,-0.5842284552917385,-0.5185182970002239,-0.6270576403959385,1.2273853592673674,-0.40121206070633036,-0.6328365321756877,-0.06421042520716432,0
-1.070020761193285,-0.6675247233333842,-0.07121049599408058,-0.568079525281732,-0.5052360056064336,-0.6270576403959385,1.2273853592673674,0.0641918499081386,-0.6328365321756877,-0.06421042520716432,0
-1.070020761193285,-0.6675247233333842,-0.07121049599408058,-0.5815896745284644,-0.5163479330813502,-0.6270576403959385,1.2273853592673674,-0.27016665316271177,-0.6328365321756877,-0.06421042520716432,0
-1.070020761193285,-0.6675247233333842,-0.07121049599408058,-0.5817804581421139,-0.5165048501989599,-0.6270576403959385,1.2273853592673674,-0.4185563058223975,-0.6328365321756877,-0.06421042520716432,0
1.4454666423137361,1.520114886288242,-0.07074991313348704,-0.5893611154860433,-0.5220745683998137,-0.14454807582925666,1.2273853592673674,-0.6931735201601277,-0.6328365321756877,-0.06421042520716432,1
0.8165947914369808,1.545447383459999,-0.07109527713021382,-0.5894483193870784,-0.5224804865073424,-0.41234678281369863,1.2273853592673674,-0.7249713028729174,-0.6328365321756877,-0.06421042520716432,0
1.4454666423137361,1.7082910038698387,-0.07065065087819543,-0.5893771318881769,-0.5221404348442424,0.008816822443771785,1.2273853592673674,-0.6902828126407831,-0.6328365321756877,-0.06421042520716432,1
0.8165947914369808,0.8043137717995601,-0.07086798313114913,-0.5893849167668644,-0.5222458211553285,0.1586425307566534,1.2273853592673674,-0.6883556742945535,-0.6328365321756877,-0.06421042520716432,0
0.8165947914369808,1.3473374519055885,-0.07104519534518385,-0.5894330008673838,-0.5224237897051772,-0.24010620475322053,1.2273853592673674,-0.6941370893332425,-0.6328365321756877,-0.06421042520716432,0
1.4454666423137361,1.4649682943068525,-0.07069189031056759,-0.5893530444755564,-0.5220413768778172,-0.6246981804225072,1.2273853592673674,-0.7374977021234104,-0.6328365321756877,-0.06421042520716432,1
0.8165947914369808,0.7141680335487438,-0.07092907195169756,-0.589379124342546,-0.5222243822734164,0.23296551991973644,1.2273853592673674,-0.6931735201601277,-0.6328365321756877,-0.06421042520716432,0
0.8165947914369808,0.7154779431546379,-0.07089625694132995,-0.5893792988131714,-0.5222250280228715,-0.2554426945805234,1.2273853592673674,-0.7297891487384917,-0.6328365321756877,-0.06421042520716432,0
0.8165947914369808,1.3156063433544367,-0.07110593748578499,-0.5894349898323442,-0.5224311512489663,-0.3804940731723773,1.2273853592673674,-0.7297891487384917,-0.6328365321756877,-0.06421042520716432,0
1.4454666423137361,1.3092099730333937,-0.0707998371607283,-0.5893395404502282,-0.5219858424246714,-0.35218055349120286,1.2273853592673674,-0.7288255795653769,-0.6328365321756877,-0.06421042520716432,1
0.8165947914369808,1.026155479347869,-0.071037160930376,-0.5894146465590705,-0.5223558568624919,-0.6258779104092228,1.2273853592673674,-0.7384612712965253,-0.6328365321756877,-0.06421042520716432,0
0.8165947914369808,0.7854189738932298,-0.07105177408613869,-0.5893900113087126,-0.5222646770394198,-0.1622440256299907,1.2273853592673674,-0.7182263186611135,-0.6328365321756877,-0.06421042520716432,0
0.8165947914369808,1.438946772224782,-0.07114922788901656,-0.5894437831511625,-0.5224636970215076,-0.6258779104092228,1.2273853592673674,-0.7384612712965253,-0.6328365321756877,-0.06421042520716432,0
0.8165947914369808,1.1117581523651412,-0.07095960188578025,-0.5894217998541166,-0.5223823325901544,-0.08674130648019208,1.2273853592673674,-0.721117026180458,-0.6328365321756877,-0.06421042520716432,0
1.4454666423137361,1.7411800094218108,-0.07071055250778958,-0.5893806806204143,-0.5221550287819295,-0.6258779104092228,1.2273853592673674,-0.7384612712965253,-0.6328365321756877,-0.06421042520716432,1
0.8165947914369808,0.9759984997820434,-0.07102851384231133,-0.5894084702994137,-0.5223329973317783,-0.6258779104092228,1.2273853592673674,-0.7384612712965253,-0.6328365321756877,-0.06421042520716432,0
0.8165947914369808,1.0633618604676698,-0.07099688608702709,-0.5894162865828114,-0.5223619269073706,0.01707493235078101,1.2273853592673674,-0.7172627494879987,-0.6328365321756877,-0.06421042520716432,0
1.4454666423137361,0.8724568493150124,-0.07065775965527488,-0.5892760715311853,-0.5217248304948859,-0.0018007474366686456,1.2273853592673674,-0.684501397602094,-0.6328365321756877,-0.06421042520716432,1
0.8165947914369808,1.0470864811844292,-0.07091073589433222,-0.5894148908179021,-0.5223567609117291,-0.4029089429199738,1.2273853592673674,-0.7297891487384917,-0.6328365321756877,-0.06421042520716432,0
1.4454666423137361,0.6928047258828983,-0.07038035445179311,-0.5892381346414258,-0.5215688174265135,0.09021819152714841,1.2273853592673674,-0.6864285359483238,-0.6328365321756877,-0.06421042520716432,1
0.8165947914369808,0.9875248093570782,-0.07108422979096729,-0.5894046668400871,-0.5223189199936553,-0.2660602644609638,1.2273853592673674,-0.727862010392262,-0.6328365321756877,-0.06421042520716432,0
0.8165947914369808,0.9589092998594705,-0.07106738670918315,-0.5894018753102999,-0.5223085880023723,-0.6246981804225072,1.2273853592673674,-0.7374977021234104,-0.6328365321756877,-0.06421042520716432,0
1.4454666423137361,0.9094132387740023,-0.0708392145642355,-0.5892789607645114,-0.5217367122848613,-0.3663373133317901,1.2273853592673674,-0.6536671840624191,-0.6328365321756877,-0.06421042520716432,1
0.8165947914369808,0.6809604059982529,-0.07086430031855719,-0.5893745881066615,-0.5222075927875816,-0.38285353314580856,1.2273853592673674,-0.7297891487384917,-0.6328365321756877,-0.06421042520716432,0
0.8165947914369808,1.3156063433544367,-0.07114036355340109,-0.5894349898323442,-0.5224311512489663,-0.6258779104092228,1.2273853592673674,-0.7384612712965253,-0.6328365321756877,-0.06421042520716432,0
0.8165947914369808,0.6839587051168868,-0.07101215165200525,-0.5893750068361185,-0.522209142586274,-0.037192647038136746,1.2273853592673674,-0.70955419610308,-0.6328365321756877,-0.06421042520716432,0
1.4454666423137361,0.7437778964308153,-0.07023982424223837,-0.5892498800029904,-0.5216171194857613,-0.4194251627339922,1.2273853592673674,-0.7268984412191472,-0.6328365321756877,-0.06421042520716432,1
0.8165947914369808,0.0751706914252665,-0.07064783975174108,-0.5892242642277089,-0.521651215056995,-0.030114267117843128,1.2273853592673674,-0.7240077336998026,-0.6328365321756877,-0.06421042520716432,0
0.8165947914369808,0.9531290704611005,-0.07099957822424148,-0.5894079468875688,-0.5223310600834128,-0.12921158600195382,1.2273853592673674,-0.715335611141769,-0.6328365321756877,-0.06421042520716432,0
0.8165947914369808,0.1392691664898075,-0.07096212920640411,-0.589251202490222,-0.5217509187728754,-0.09146022642705451,1.2273853592673674,-0.7114813344493096,-0.6328365321756877,-0.06421042520716432,0
0.8165947914369808,0.21699192637715486,-0.0708446345706917,-0.5892786292703356,-0.5218524305872303,0.026512772244505836,1.2273853592673674,-0.6806471209096346,-0.6328365321756877,-0.06421042520716432,0
1.4454666423137361,1.039644022104631,-0.0708109619838906,-0.5893056233633571,-0.5218463605423516,-0.15044672576283466,1.2273853592673674,-0.7220805953535729,-0.6328365321756877,-0.06421042520716432,1
0.8165947914369808,0.7181052280584919,-0.07102539479543932,-0.5893796477543909,-0.5222263195217819,-0.6258779104092228,1.2273853592673674,-0.7384612712965253,-0.6328365321756877,-0.06421042520716432,0
0.8165947914369808,0.7435714392677687,-0.07113607298975479,-0.5893829626960229,-0.5222385887614304,-0.2660602644609638,1.2273853592673674,-0.7268984412191472,-0.6328365321756877,-0.06421042520716432,0
1.4454666423137361,1.0680853611935979,-0.07061458200427292,-0.589308449787263,-0.5218579840325449,-0.348641363531056,1.2273853592673674,-0.7191898878342284,-0.6328365321756877,-0.06421042520716432,1
0.8165947914369808,2.769777851501476,-0.07117329532389176,-0.5894892850866391,-0.5226321084794195,-0.49492788188379083,1.2273853592673674,-0.7336434254309511,-0.6328365321756877,-0.06421042520716432,0
2.074338493190491,-0.6669449726575796,6.067685918880584,0.04630395526676531,2.6150508043715806,-0.6270576403959385,1.2273853592673674,-0.7394248404696401,6.7587426568572,33.99406927842624,0
0.8165947914369808,1.5589575915818126,-0.07106209035087313,-0.5894453882807846,-0.5224696379164953,-0.5079049117376625,1.2273853592673674,-0.697027796852587,-0.6328365321756877,-0.06421042520716432,0
0.8165947914369808,2.343883929820979,-0.07109667862718452,-0.5894761300025303,-0.5225834189704988,-0.4784116620697724,1.2273853592673674,-0.7336434254309511,-0.6328365321756877,-0.06421042520716432,0
1.4454666423137361,1.810637936751177,-0.07060313711802868,-0.5893823764747579,-0.5221620028760455,-0.6258779104092228,1.2273853592673674,-0.7384612712965253,-0.6328365321756877,-0.06421042520716432,1
0.8165947914369808,0.9540751131573102,-0.07098908810737156,-0.5894063766520655,-0.5223252483383161,-0.34746163354434045,1.2273853592673674,-0.7317162870847214,-0.6328365321756877,-0.06421042520716432,0
0.8165947914369808,1.7255054815400082,-0.07112058850084435,-0.5894569731293902,-0.5225125156803195,-0.25072377463366097,1.2273853592673674,-0.7317162870847214,-0.6328365321756877,-0.06421042520716432,0
0.8165947914369808,0.8326719165659547,-0.07107498815684093,-0.589393675191564,-0.5222782377779787,-0.24482512470008294,1.2273853592673674,-0.7182263186611135,-0.6328365321756877,-0.06421042520716432,0
1.4454666423137361,1.4355226708613908,-0.07061317969271984,-0.5893529816661363,-0.5220411185780351,-0.32386703381002835,1.2273853592673674,-0.7297891487384917,-0.6328365321756877,-0.06421042520716432,1
0.8165947914369808,0.9287529460025885,-0.0708611622749221,-0.5894055740872702,-0.5223222778908223,-0.6270576403959385,1.2273853592673674,-0.7394248404696401,-0.6328365321756877,-0.06421042520716432,0
0.8165947914369808,2.304786373702534,-0.07112095934538833,-0.5894786074852167,-0.5225925886127624,-0.2695994544211106,1.2273853592673674,-0.6999185043719315,-0.6328365321756877,-0.06421042520716432,0
0.8165947914369808,1.7079760481455322,-0.07113884634194104,-0.5894573220706096,-0.5225138071792299,-0.31206973394287235,1.2273853592673674,-0.7172627494879987,-0.6328365321756877,-0.06421042520716432,0
0.8165947914369808,1.257974567784339,-0.07088409245252605,-0.5894325472438079,-0.5224221107565937,-0.1988156552181744,1.2273853592673674,-0.7047363502375057,-0.6328365321756877,-0.06421042520716432,0
1.4454666423137361,1.5660573439429837,-0.07037057131724041,-0.5893663600726243,-0.5220961364316168,-0.25308323460709214,1.2273853592673674,-0.7114813344493096,-0.6328365321756877,-0.06421042520716432,1
0.8165947914369808,2.5570358708946515,-0.07110465412210829,-0.5894843999095353,-0.5226140274946744,-0.26723999444767943,1.2273853592673674,-0.70955419610308,-0.6328365321756877,-0.06421042520716432,0
0.8165947914369808,1.491728107920252,-0.07109085416844049,-0.5894454580690537,-0.5224698962162774,-0.18465889537758717,1.2273853592673674,-0.7268984412191472,-0.6328365321756877,-0.06421042520716432,0
1.4454666423137361,-0.43192601040787565,-0.056397236175376675,-0.587685674204036,-0.5151844217129995,-0.3297656837436064,1.2273853592673674,-0.7259348720460322,-0.6328365321756877,-0.06421042520716432,1
0.8165947914369808,2.454887975409202,-0.07111479422979236,-0.589481817744461,-0.5226044704027377,-0.3793143431856617,1.2273853592673674,-0.7317162870847214,-0.6328365321756877,-0.06421042520716432,0
1.4454666423137361,1.6681097395459108,-0.07060025193834668,-0.5893739286077502,-0.5221272615553567,-0.5055454517642313,1.2273853592673674,-0.7346069946040659,-0.6328365321756877,-0.06421042520716432,1
0.8165947914369808,1.3880639749502683,-0.07108549961432653,-0.5894355830324266,-0.522433346797114,-0.34628190355762484,1.2273853592673674,-0.7191898878342284,-0.6328365321756877,-0.06421042520716432,0
0.8165947914369808,1.1107149329483617,-0.07093197179927413,-0.5894156584886101,-0.5223596022093319,-0.4076278628668362,1.2273853592673674,-0.7307527179116065,-0.6328365321756877,-0.06421042520716432,0
1.4454666423137361,0.8286166479585516,-0.07049013020071529,-0.5892636038612892,-0.5216735579881443,-0.49374815189707527,1.2273853592673674,-0.7182263186611135,-0.6328365321756877,-0.06421042520716432,1
0.8165947914369808,-0.5719339801932279,-0.05032137238687201,-0.5869007693066082,-0.5130515112625265,-0.6258779104092228,1.2273853592673674,-0.7384612712965253,-0.6328365321756877,-0.06421042520716432,0
0.8165947914369808,1.4608546358445018,-0.07093164832957578,-0.5894437482570437,-0.5224635678716165,-0.6258779104092228,1.2273853592673674,-0.7384612712965253,-0.6328365321756877,-0.06421042520716432,0
0.8165947914369808,1.0716159689806193,-0.07099604582407712,-0.5894169844652503,-0.5223645099051913,-0.6270576403959385,1.2273853592673674,-0.7394248404696401,-0.6328365321756877,-0.06421042520716432,0
1.4454666423137361,-0.22465958513592238,-0.06818562821315446,-0.5885644408010956,-0.5187982939639917,-0.4630751722424696,1.2273853592673674,-0.7037727810643909,-0.6328365321756877,-0.06421042520716432,1
0.8165947914369808,-0.3647570046023154,-0.06899711848143646,-0.5887315941152662,-0.5198277477454462,-0.3793143431856617,1.2273853592673674,-0.6806471209096346,-0.6328365321756877,-0.06421042520716432,0
0.8165947914369808,1.001864900644432,-0.07091926117894146,-0.5894124831234847,-0.5223478495692475,0.12678982111533213,1.2273853592673674,-0.7124449036224245,-0.6328365321756877,-0.06421042520716432,0
0.8165947914369808,2.0242959942443433,-0.07113069384882474,-0.5894697792722796,-0.5225599136903301,-0.3014521640624319,1.2273853592673674,-0.7114813344493096,-0.6328365321756877,-0.06421042520716432,0
0.8165947914369808,1.7640020098899287,-0.07106507984935029,-0.5894597646591773,-0.5225228476716024,-0.02421561718426511,1.2273853592673674,-0.7028092118912761,-0.6328365321756877,-0.06421042520716432,0
1.4454666423137361,0.2507386961452413,-0.06861813314183396,-0.5890842201573936,-0.5209358538105421,-0.6246981804225072,1.2273853592673674,-0.7374977021234104,-0.6328365321756877,-0.06421042520716432,1
0.8165947914369808,1.1330075068255463,-0.07106985877479731,-0.589421974324742,-0.5223829783396096,-0.030114267117843128,1.2273853592673674,-0.7047363502375057,-0.6328365321756877,-0.06421042520716432,0
0.8165947914369808,0.12323373983673788,-0.07014077070402977,-0.5892414670300702,-0.5217148859532761,0.9879927114177226,1.2273853592673674,-0.6739021366978308,-0.6328365321756877,-0.06421042520716432,0
1.4454666423137361,1.6700477039219725,-0.07085515061667215,-0.5893740856313004,-0.5221279073048118,-0.0076993973702466625,1.2273853592673674,-0.7047363502375057,-0.6328365321756877,-0.06421042520716432,1
0.8165947914369808,1.0947260772399514,-0.07089826076519168,-0.589418903641973,-0.5223716131491983,-0.3097102739694411,1.2273853592673674,-0.7105177652761948,-0.6328365321756877,-0.06421042520716432,0
1.4454666423137361,3.002671067590027,-0.07093757192584597,-0.5894427991369243,-0.5224104872664004,-0.2967332441155695,1.2273853592673674,-0.7124449036224245,-0.6328365321756877,-0.06421042520716432,1
0.8165947914369808,1.256666077991374,-0.07088366162390357,-0.5894268595018459,-0.5224010593243548,-0.44891841240188235,1.2273853592673674,-0.7268984412191472,-0.6328365321756877,-0.06421042520716432,0
0.8165947914369808,1.597148831979562,-0.07111887351567087,-0.5894473772457764,-0.5224769994602844,-0.1551656457096971,1.2273853592673674,-0.7259348720460322,-0.6328365321756877,-0.06421042520716432,0
1.4454666423137361,1.9797079883397832,-0.07089475952921058,-0.589393933408062,-0.5222095300359472,-0.32858595375689076,1.2273853592673674,-0.7268984412191472,-0.6328365321756877,-0.06421042520716432,1
0.8165947914369808,2.0995299289678813,-0.07117017443690074,-0.5894713495077828,-0.5225657254354267,-0.4902089619369284,1.2273853592673674,-0.7297891487384917,-0.6328365321756877,-0.06421042520716432,0
0.8165947914369808,1.8899633775364297,-0.07109380195751247,-0.5894638123773671,-0.5225378290589627,-0.24128593473993612,1.2273853592673674,-0.727862010392262,-0.6328365321756877,-0.06421042520716432,0
0.8165947914369808,1.9300379775939738,-0.071091563253582,-0.5894653477187516,-0.5225435116541683,-0.479591392056488,1.2273853592673674,-0.7307527179116065,-0.6328365321756877,-0.06421042520716432,0
1.4454666423137361,2.018633065938655,-0.07070690479769023,-0.5893986441145719,-0.5222289025196026,-0.07140481665288924,1.2273853592673674,-0.7076270577568503,-0.6328365321756877,-0.06421042520716432,1
0.8165947914369808,1.5022802506166342,-0.0708597973369392,-0.5894472725633886,-0.5224766120106112,-0.2342075548196425,1.2273853592673674,-0.7076270577568503,-0.6328365321756877,-0.06421042520716432,0
0.8165947914369808,1.9191316724227845,-0.07110779690762552,-0.5894659758129528,-0.522545836352207,-0.21769133500562407,1.2273853592673674,-0.7124449036224245,-0.6328365321756877,-0.06421042520716432,0
0.8165947914369808,1.9481952272578322,-0.07107273233386681,-0.58946705753073,-0.5225498399988291,-0.19763592523145881,1.2273853592673674,-0.7105177652761948,-0.6328365321756877,-0.06421042520716432,0
0.8165947914369808,1.2729892168639665,-0.07088613677579973,-0.5894335591733475,-0.5224258561034338,-0.3049913540225787,1.2273853592673674,-0.7230441645266877,-0.6328365321756877,-0.06421042520716432,0
1.4454666423137361,1.3775886673273565,-0.07037216245864601,-0.5893482081502063,-0.5220214877945976,-0.38285353314580856,1.2273853592673674,-0.7317162870847214,-0.6328365321756877,-0.06421042520716432,1
0.8165947914369808,1.9439883678598513,-0.07111034939844728,-0.5894658711305965,-0.5225454489025338,-0.24600485468679856,1.2273853592673674,-0.7259348720460322,-0.6328365321756877,-0.06421042520716432,0
0.8165947914369808,2.8801192766862607,-0.07117894681141368,-0.5894915880987315,-0.522640632372228,-0.5102643717110937,1.2273853592673674,-0.7240077336998026,-0.6328365321756877,-0.06421042520716432,0
1.4454666423137361,0.10078614430816009,-0.067654754913562,-0.5889875564598114,-0.5205383304459307,-0.2707791844078262,1.2273853592673674,-0.7076270577568503,-0.6328365321756877,-0.06421042520716432,1
0.8165947914369808,3.1613236043868587,-0.07112337778092788,-0.5894968571111737,-0.5226601340057746,-0.38521299311923973,1.2273853592673674,-0.7124449036224245,-0.6328365321756877,-0.06421042520716432,0
1.4454666423137361,2.438585849304852,-0.070810846281095,-0.5894209100540085,-0.5223204697923478,-0.1598845656565595,1.2273853592673674,-0.7307527179116065,-0.6328365321756877,-0.06421042520716432,1
0.8165947914369808,2.7924799775383393,-0.07111405591391895,-0.589487435698154,-0.5226252635351947,-0.35218055349120286,1.2273853592673674,-0.70955419610308,-0.6328365321756877,-0.06421042520716432,0
0.8165947914369808,2.5720405909318655,-0.07103652373181975,-0.5894822713680682,-0.5226061493513212,-0.16696294557685312,1.2273853592673674,-0.7114813344493096,-0.6328365321756877,-0.06421042520716432,0
1.4454666423137361,2.591072548787552,-0.07062999114188608,-0.5894257149746486,-0.5223402297256764,-0.20471430515175243,1.2273853592673674,-0.7114813344493096,-0.6328365321756877,-0.06421042520716432,1
0.8165947914369808,1.5850867848049421,-0.07096624877884326,-0.5894503432461575,-0.5224879772010225,-0.008879127356962266,1.2273853592673674,-0.7056999194106206,-0.6328365321756877,-0.06421042520716432,0
0.8165947914369808,1.6823322561207503,-0.07093126033731356,-0.5894550190585487,-0.5225052832864214,-0.4383008425214419,1.2273853592673674,-0.7259348720460322,-0.6328365321756877,-0.06421042520716432,0
0.8165947914369808,1.3987517821420514,-0.07083528354771632,-0.5894401541624613,-0.5224502654328398,-0.20235484517832122,1.2273853592673674,-0.7037727810643909,-0.6328365321756877,-0.06421042520716432,0
1.4454666423137361,2.0896119857172457,-0.07063584296913061,-0.5894028837504308,-0.5222463377548926,-0.3804940731723773,1.2273853592673674,-0.7008820735450464,-0.6328365321756877,-0.06421042520716432,1
0.8165947914369808,2.131843524745905,-0.07107751084294131,-0.5894733733668934,-0.5225732161291068,-0.3226873038233128,1.2273853592673674,-0.6941370893332425,-0.6328365321756877,-0.06421042520716432,0
0.8165947914369808,1.8934303310846583,-0.07105754395728818,-0.589464998777532,-0.522542220155258,-0.17993997543072476,1.2273853592673674,-0.7056999194106206,-0.6328365321756877,-0.06421042520716432,0
0.8165947914369808,3.5016095002897343,-0.0710999988410132,-0.589502928688474,-0.5226826060868149,-0.411167052826983,1.2273853592673674,-0.7105177652761948,-0.6328365321756877,-0.06421042520716432,0
0.8165947914369808,1.504239147874752,-0.07098913296264715,-0.5894473772457764,-0.5224769994602844,0.10437495136773565,1.2273853592673674,-0.70955419610308,-0.6328365321756877,-0.06421042520716432,0
1.4454666423137361,3.9452598432774177,-0.0709158928885171,-0.589467954309687,-0.5225139363291209,-0.4500981423885979,1.2273853592673674,-0.7134084727955393,-0.6328365321756877,-0.06421042520716432,1
0.8165947914369808,1.40638942632835,-0.07106481015907078,-0.5894406077860371,-0.5224519443814233,-0.14218861585582546,1.2273853592673674,-0.7249713028729174,-0.6328365321756877,-0.06421042520716432,0
0.8165947914369808,0.8699870945659594,-0.07078480354286197,-0.5893977926979913,-0.5222934774651211,-0.6258779104092228,1.2273853592673674,-0.7384612712965253,-0.6328365321756877,-0.06421042520716432,0
1.4454666423137361,1.6048113705536842,-0.07075364551468655,-0.5893686526164591,-0.5221055643736625,-0.6258779104092228,1.2273853592673674,-0.7384612712965253,-0.6328365321756877,-0.06421042520716432,1
0.8165947914369808,2.7392739989126103,-0.07108195688297339,-0.589488622098319,-0.5226296546314899,-0.33802379365061563,1.2273853592673674,-0.7076270577568503,-0.6328365321756877,-0.06421042520716432,0
1.4454666423137361,4.662105032775504,-0.07096563168155065,-0.5894803277654529,-0.5225648213861894,-0.5055454517642313,1.2273853592673674,-0.7297891487384917,-0.6328365321756877,-0.06421042520716432,1
0.8165947914369808,2.795664519527709,-0.07109959749254803,-0.5894875054864229,-0.5226255218349767,-0.37813461319894615,1.2273853592673674,-0.7307527179116065,-0.6328365321756877,-0.06421042520716432,0
0.8165947914369808,2.1238366358045386,-0.07110836734880338,-0.5894692558604346,-0.5225579764419644,-0.20707376512518363,1.2273853592673674,-0.7056999194106206,-0.6328365321756877,-0.06421042520716432,0
1.4454666423137361,2.8608106478852844,-0.07088876583823735,-0.5894362355525206,-0.5223834949391737,-0.4324021925878639,1.2273853592673674,-0.7085906269299651,-0.6328365321756877,-0.06421042520716432,1
0.8165947914369808,2.109009750906483,-0.07113032945171037,-0.5894716635548835,-0.522566887784446,-0.330945413730322,1.2273853592673674,-0.7066634885837354,-0.6328365321756877,-0.06421042520716432,0
0.8165947914369808,2.8057876880732553,-0.07113034131683442,-0.5894900527573471,-0.5226349497770224,-0.5020062618040845,1.2273853592673674,-0.7240077336998026,-0.6328365321756877,-0.06421042520716432,0
0.8165947914369808,-0.2037391275039963,-0.06724114737460814,-0.5890145505529585,-0.5208750242118637,-0.2908345941819915,1.2273853592673674,-0.7066634885837354,-0.6328365321756877,-0.06421042520716432,0
1.4454666423137361,1.9237577355437878,-0.07064188321358719,-0.5893926144102393,-0.5222041057405236,-0.46425490222918514,1.2273853592673674,-0.727862010392262,-0.6328365321756877,-0.06421042520716432,1
0.8165947914369808,0.9462434663344254,-0.07095369835084075,-0.5894072838992487,-0.522328606235483,-0.6258779104092228,1.2273853592673674,-0.7384612712965253,-0.6328365321756877,-0.06421042520716432,0
0.8165947914369808,0.7433787649802178,-0.07067856863320512,-0.5893848469786268,-0.5222455628555464,-0.2342075548196425,1.2273853592673674,-0.6989549351988167,-0.6328365321756877,-0.06421042520716432,0
0.8165947914369808,1.6264267527100167,-0.0710851683460716,-0.5894535535054017,-0.5224998589909979,-0.6258779104092228,1.2273853592673674,-0.7384612712965253,-0.6328365321756877,-0.06421042520716432,0
0.8165947914369808,2.456618715406098,-0.07111236441186958,-0.5894827249916441,-0.5226078282999047,-0.411167052826983,1.2273853592673674,-0.7066634885837354,-0.6328365321756877,-0.06421042520716432,0
1.4454666423137361,3.0862337777811937,-0.07081949808634809,-0.5894461280361913,-0.5224241771548503,-0.6258779104092228,1.2273853592673674,-0.7384612712965253,-0.6328365321756877,-0.06421042520716432,1
0.8165947914369808,0.5376894312857179,-0.07028294171490855,-0.5893521511860397,-0.5221245494076449,-0.4902089619369284,1.2273853592673674,-0.7268984412191472,-0.6328365321756877,-0.06421042520716432,0
0.8165947914369808,1.1762457680900897,-0.07113051466756883,-0.5894252892663426,-0.522395247579258,-0.39583056299968017,1.2273853592673674,-0.7076270577568503,-0.6328365321756877,-0.06421042520716432,0
1.4454666423137361,2.7581103560220774,-0.07094819660462406,-0.5894341942463663,-0.5223751001962563,0.015895202364065403,1.2273853592673674,-0.7085906269299651,-0.6328365321756877,-0.06421042520716432,1
0.8165947914369808,1.2942708827778877,-0.07111061954876431,-0.5894335940674663,-0.5224259852533248,-0.20589403513846802,1.2273853592673674,-0.7249713028729174,-0.6328365321756877,-0.06421042520716432,0
1.4454666423137361,2.8557897953401215,-0.07096113704181371,-0.5894377743833138,-0.5223898232838345,-0.49374815189707527,1.2273853592673674,-0.7317162870847214,-0.6328365321756877,-0.06421042520716432,1
0.8165947914369808,1.1397543891700517,-0.0710471160031439,-0.5894180312889087,-0.5223683844019225,-0.2294886348727801,1.2273853592673674,-0.715335611141769,-0.6328365321756877,-0.06421042520716432,0
0.8165947914369808,2.148908744147743,-0.07117857143945608,-0.5894700933193803,-0.5225610760393493,-0.479591392056488,1.2273853592673674,-0.7114813344493096,-0.6328365321756877,-0.06421042520716432,0
1.4454666423137361,2.765794162845865,-0.07089137784426756,-0.5894327182249932,-0.5223690301513776,-0.24246566472665174,1.2273853592673674,-0.7124449036224245,-0.6328365321756877,-0.06421042520716432,1
0.8165947914369808,1.447891768501269,-0.07101502731321485,-0.589443015480486,-0.5224608557239048,-0.17876024544400915,1.2273853592673674,-0.7018456427181612,-0.6328365321756877,-0.06421042520716432,0
0.8165947914369808,1.8668588987446695,-0.07105166697110411,-0.5894629051301838,-0.5225344711617957,-0.17050213553699992,1.2273853592673674,-0.7076270577568503,-0.6328365321756877,-0.06421042520716432,0
0.8165947914369808,1.0641837438228798,-0.0707693516239985,-0.5894163563710489,-0.5223621852071526,-0.4029089429199738,1.2273853592673674,-0.7220805953535729,-0.6328365321756877,-0.06421042520716432,0
1.4454666423137361,1.8002768613564692,-0.07069794121146122,-0.5893840723291014,-0.5221689769701615,0.03831007211166187,1.2273853592673674,-0.7008820735450464,-0.6328365321756877,-0.06421042520716432,1
0.8165947914369808,2.0640314249589897,-0.07111686029052315,-0.5894711401430386,-0.5225649505360804,-0.43122246260114827,1.2273853592673674,-0.70955419610308,-0.6328365321756877,-0.06421042520716432,0
0.8165947914369808,2.072327723025954,-0.07105234479092377,-0.5894714192960204,-0.5225659837352088,-0.27667783434140425,1.2273853592673674,-0.70955419610308,-0.6328365321756877,-0.06421042520716432,0
0.8165947914369808,0.8482852628214779,-0.07097586544338232,-0.5893971994979089,-0.5222912819169734,0.27543579944149815,1.2273853592673674,-0.6999185043719315,-0.6328365321756877,-0.06421042520716432,0
0.8165947914369808,1.0777645979613706,-0.07107365564503444,-0.5894190432184797,-0.5223721297487625,-0.047810216918577175,1.2273853592673674,-0.7240077336998026,-0.6328365321756877,-0.06421042520716432,0
1.4454666423137361,1.928181544209763,-0.07085293222853607,-0.5893938391939318,-0.522209142586274,-0.39111164305281776,1.2273853592673674,-0.7307527179116065,-0.6328365321756877,-0.06421042520716432,1
0.8165947914369808,0.9627739052272087,-0.07097401253515309,-0.589407214111011,-0.522328347935701,0.1220709011684697,1.2273853592673674,-0.7240077336998026,-0.6328365321756877,-0.06421042520716432,0
0.8165947914369808,1.1908080317354575,-0.07106153533569386,-0.5894263709841512,-0.5223992512258802,-0.3179683838764503,1.2273853592673674,-0.7230441645266877,-0.6328365321756877,-0.06421042520716432,0
